series,peak,trough,depth,recovered
SPY,2007-10-09,2009-03-09,0.5518943109515357,2012-08-16
SPY,2018-09-20,2018-12-24,0.19348924727892292,2019-04-12
SPY,2020-02-19,2020-03-23,0.33717265401236196,2020-08-10
SPY,2022-01-03,2022-10-12,0.24496393992794452,not within development
^GDAXI,2007-07-16,2009-03-06,0.54767454237544,2013-05-03
^GDAXI,2015-04-10,2016-02-11,0.2926819586663977,2017-04-24
^GDAXI,2018-01-23,2018-12-27,0.2343793279524783,2020-01-24
^GDAXI,2020-02-19,2020-03-18,0.38779389651624485,2020-12-28
^GDAXI,2022-01-05,2022-09-29,0.2640281589449506,2023-05-19
EW-26,2007-10-31,2009-03-09,0.4647889643792371,2011-01-03
EW-26,2011-04-29,2011-10-03,0.17191565028954003,2012-02-21
EW-26,2015-04-28,2016-01-20,0.17870171302700877,2016-12-13
EW-26,2018-01-26,2018-12-24,0.15929880706557298,2019-06-19
EW-26,2020-02-19,2020-03-23,0.3089627187778623,2020-11-09
EW-26,2022-01-04,2022-10-14,0.19202903562789375,not within development
