pipeline,fold,ic,rule_sharpe_gross,rule_sharpe_net,rule_switches_per_100,selective_sharpe_net,selective_switches_per_100,bh_sharpe_net
v1,F1,-0.14485541721874054,1.4839503011431079,0.4738311260863917,55.84158415841585,0.4563641129552842,9.306930693069306,0.38641236812370067
v1,F2,-0.048386238363327345,0.5015857244097507,-0.6726827889437335,54.24063116370809,0.5836302732695852,2.9585798816568047,0.6328668499319902
v1,F3,-0.17681752128638575,1.7809788522050376,0.2591881234655937,57.76892430278885,0.466637706833615,6.175298804780876,0.15616698187965727
v1,F4,-0.17170350094773923,1.5249413751971095,0.651049479682978,56.777996070726914,0.8297875624371237,6.8762278978389,0.47963455349260015
v1,F5,-0.14845330894050268,0.5268199760553405,-0.5135579890799726,55.67928730512249,0.09386157301349414,3.78619153674833,0.004304535277393147
v2,F1,-0.0058941919036624175,0.15238421976425,-0.8867758880669318,55.64356435643565,0.08846057357096476,9.306930693069306,0.38641236812370067
v2,F2,0.028480578489795565,0.6846135401023263,-0.5734520632024833,54.043392504930964,0.5143953941070989,2.9585798816568047,0.6328668499319902
v2,F3,0.022822010608771447,-0.009235982235630614,-1.5956470042311164,57.56972111553785,-0.012230021358490483,6.175298804780876,0.15616698187965727
v2,F4,-0.008388151758390656,-0.10062517764162852,-0.9472475634376184,56.581532416502945,-0.010048792319532174,6.8762278978389,0.47963455349260015
v2,F5,-0.029611438116449246,0.42055524317250237,-0.7704329857389752,55.90200445434298,0.002447844622419948,3.78619153674833,0.004304535277393147
