ticker,days,share_gt_5bp,max_diff_bp,date_of_max,max_level_deviation,dates_only_in_frozen,dates_only_in_fresh
SPY,4090,0.0,0.01683743283464878,2013-04-30,1.0760150213062758e-06,0,0
QQQ,4090,0.0,0.016474741197924914,2007-07-10,1.061617895148359e-06,0,0
IWM,4090,0.0,0.01714249128426104,2007-10-05,1.0602962403627458e-06,0,0
DIA,4090,0.0,0.030952454861399303,2008-10-27,2.109145274431512e-06,0,0
MDY,4090,0.0,0.01568370490367954,2007-08-28,1.0233330776099336e-06,0,0
XLB,4090,0.0,0.014186825261219838,2008-06-27,1.2836873337640498e-06,0,0
XLE,4090,0.0,0.014040545992521913,2008-07-14,9.400517262392327e-07,0,0
XLF,4090,0.0,0.016562057516544826,2009-03-11,1.0238135840223705e-06,0,0
XLI,4090,0.0,0.016410274388256596,2013-02-26,1.0961983474278014e-06,0,0
XLK,4090,0.0,0.01601884107582663,2010-11-11,1.0520945675773774e-06,0,0
XLP,4090,0.0,0.014655487947656809,2010-05-28,1.105902678100179e-06,0,0
XLU,4090,0.0,0.015129391361945466,2010-08-24,1.2084719198668381e-06,0,0
XLV,4090,0.0,0.013829116887187354,2008-09-08,1.013627324963906e-06,0,0
XLY,4090,0.0,0.016010768546514953,2011-05-27,1.0126595267889726e-06,0,0
EFA,4090,0.0,0.012090169998479894,2012-02-10,6.657433545553815e-07,0,0
EEM,4090,0.0,0.013583699982611108,2011-11-02,9.618450806936352e-07,0,0
EWJ,4090,0.0,0.010997613402174977,2014-01-08,7.758530586876589e-07,0,0
EWG,4090,0.0,0.011049194492684933,2010-01-05,6.59161840665945e-07,0,0
EWU,4090,0.0,0.00968128136769053,2012-08-27,7.68852109533924e-07,0,0
EWZ,4090,0.0,0.010442295628187992,2008-05-23,7.804992268045652e-07,0,0
EWA,4090,0.0,0.011061254481248284,2008-09-15,7.144894288435566e-07,0,0
EWC,4090,0.0,0.012566608669217771,2009-08-14,7.075031176473345e-07,0,0
FXI,4090,0.0,0.010997377368759942,2011-05-24,7.502338000842101e-07,0,0
^GDAXI,4123,0.0,0.0,2007-07-03,0.0,0,0
TLT,4090,0.0,0.023679728857750604,2007-12-04,1.9857944210111e-06,0,0
IEF,4090,0.0,0.026646001489716298,2007-07-23,2.0283918057417694e-06,0,0
LQD,4090,0.0,0.029088512683017598,2011-12-02,1.8888904278480112e-06,0,0
TIP,4090,0.0,0.01928156977193396,2008-01-30,1.2898106189762615e-06,0,0
IYR,4090,0.0,0.01471571097866331,2007-08-28,1.0414076164755315e-06,0,0
GLD,4090,0.0,0.0,2007-07-03,0.0,0,0
SLV,4090,0.0,0.0,2007-07-03,0.0,0,0
USO,4090,0.0,0.0,2007-07-03,0.0,0,0
DBC,4090,0.0,0.00460385601641633,2021-08-16,3.2570478447624396e-07,0,0
^VIX,4090,0.0,0.0,2007-07-03,0.0,0,0
