ticker,bars,bars_per_year,duplicate_dates,monotonic,unchanged_close_days,longest_unchanged_run,unchanged_and_zero_volume,missing_ohlc
SPY,4091,251.85197202090006,0,True,13,1,0,0
QQQ,4091,251.85197202090006,0,True,20,2,0,0
IWM,4091,251.85197202090006,0,True,9,1,0,0
DIA,4091,251.85197202090006,0,True,18,1,0,0
MDY,4091,251.85197202090006,0,True,6,1,0,0
XLB,4091,251.85197202090006,0,True,36,1,0,0
XLE,4091,251.85197202090006,0,True,18,2,0,0
XLF,4091,251.85197202090006,0,True,61,2,0,0
XLI,4091,251.85197202090006,0,True,33,2,0,0
XLK,4091,251.85197202090006,0,True,46,1,0,0
XLP,4091,251.85197202090006,0,True,70,2,0,0
XLU,4091,251.85197202090006,0,True,42,1,0,0
XLV,4091,251.85197202090006,0,True,48,2,0,0
XLY,4091,251.85197202090006,0,True,34,1,0,0
EFA,4091,251.85197202090006,0,True,31,2,0,0
EEM,4091,251.85197202090006,0,True,32,1,0,0
EWJ,4091,251.85197202090006,0,True,96,2,0,0
EWG,4091,251.85197202090006,0,True,56,1,0,0
EWU,4091,251.85197202090006,0,True,70,1,0,0
EWZ,4091,251.85197202090006,0,True,19,1,0,0
EWA,4091,251.85197202090006,0,True,65,1,0,0
EWC,4091,251.85197202090006,0,True,73,2,0,0
FXI,4091,251.85197202090006,0,True,27,1,0,0
^GDAXI,4124,253.88353278274062,0,True,0,0,0,0
TLT,4091,251.85197202090006,0,True,17,1,0,0
IEF,4091,251.85197202090006,0,True,34,2,0,0
LQD,4091,251.85197202090006,0,True,40,1,0,0
TIP,4091,251.85197202090006,0,True,61,2,0,0
IYR,4091,251.85197202090006,0,True,24,1,0,0
GLD,4091,251.85197202090006,0,True,14,1,0,0
SLV,4091,251.85197202090006,0,True,76,2,0,0
USO,4091,251.85197202090006,0,True,29,1,0,0
DBC,4091,251.85197202090006,0,True,71,2,0,0
