id,loss,n_step,gamma,width,weight_decay,heads,prior_scale,gate_z,lr
c00,hl_gauss,5,0.99,4,0.0,10,0.0,1.0,0.0001
c01,mse,10,0.9,4,0.0,20,3.0,0.5,0.0003
c02,mse,20,0.95,1,0.1,10,0.0,0.0,0.0003
c03,mse,5,0.95,1,0.0,10,3.0,0.5,0.0001
c04,mse,40,0.95,4,0.1,20,0.0,0.5,0.0003
c05,hl_gauss,20,0.99,4,0.1,1,0.0,0.0,0.0001
c06,hl_gauss,10,0.95,4,0.0,1,3.0,0.0,0.0001
c07,mse,40,0.99,4,0.1,1,0.0,1.0,0.0003
c08,hl_gauss,40,0.95,4,0.1,1,3.0,0.5,0.0003
c09,hl_gauss,40,0.99,4,0.0,1,0.0,0.0,0.0001
c10,mse,5,0.99,1,0.0,10,3.0,0.5,0.0003
c11,hl_gauss,20,0.95,4,0.0,10,3.0,0.5,0.0003
c12,mse,5,0.9,1,0.1,20,0.0,0.5,0.0003
c13,hl_gauss,40,0.95,4,0.1,20,3.0,0.0,0.0003
c14,mse,20,0.9,1,0.1,10,0.0,0.5,0.0003
c15,hl_gauss,20,0.99,1,0.1,1,3.0,1.0,0.0003
c16,hl_gauss,10,0.9,4,0.0,10,3.0,1.0,0.0003
c17,hl_gauss,10,0.99,1,0.0,1,3.0,1.0,0.0001
c18,mse,5,0.9,4,0.0,20,3.0,0.0,0.0003
c19,hl_gauss,10,0.99,4,0.0,10,3.0,1.0,0.0001
c20,mse,40,0.95,4,0.0,1,3.0,0.0,0.0001
c21,mse,10,0.95,1,0.1,20,0.0,1.0,0.0003
c22,hl_gauss,5,0.9,1,0.1,20,3.0,0.5,0.0001
c23,mse,5,0.9,4,0.0,20,0.0,0.0,0.0001
c24,mse,20,0.9,1,0.1,20,0.0,0.0,0.0001
c25,hl_gauss,5,0.99,4,0.1,20,3.0,1.0,0.0001
c26,mse,20,0.9,1,0.0,1,0.0,1.0,0.0003
c27,hl_gauss,40,0.95,1,0.1,10,0.0,0.5,0.0003
c28,hl_gauss,20,0.95,1,0.1,1,3.0,0.0,0.0001
c29,mse,40,0.9,1,0.0,10,0.0,1.0,0.0001
c30,mse,10,0.9,1,0.0,10,0.0,0.5,0.0001
c31,hl_gauss,10,0.99,1,0.1,1,0.0,0.0,0.0001
