strategy,eval_set,sharpe_10bp,sharpe_0bp,bh_sharpe,timing_vs_bh_sharpe,cost_sharpe,timing_vs_bh_pct,cost_pct,timing_vs_bh_sharpe_paired,cost_sharpe_paired,sharpe_10bp_lag1,lag_delta,lag_delta_paired,timing_ic,timing_sharpe,mean_exposure,switches_per_100,time_at_anchor,h3_share_mdd_below_matched,h3_dmdd_matched,h3_dmdd_volmatched,g_lag_pass
buy_and_hold,single,0.3864123681237006,0.3889350471979662,0.3864123681237006,0.002522679074265566,-0.002522679074265566,0.05378676648872954,-0.05378676648872954,0.0028463255531129003,-0.0028463255531129003,0.4261215298970274,0.039709161773326784,0.01220081569448328,,0.0,1.0,0.19801980198019803,1.0,0.0,-1.1102230246251565e-16,2.4592749935714586e-05,True
buy_and_hold,train,0.6672608887791742,0.67188603978949,0.6672608887791742,0.004625151010315798,-0.004625151010315798,0.05176760728144991,-0.05176760728144991,0.004625151010315798,-0.004625151010315798,0.6408988543917921,-0.02636203438738216,-0.0022527504724107195,,0.0,1.0,0.19874683020071052,1.0,0.0,-1.1102230246251565e-16,1.555536387320977e-05,True
momentum,single,0.0669632846827454,0.1951494368707101,0.3864123681237006,-0.19126293125299051,-0.1281861521879647,-4.19917327006336,-1.84569830020539,-0.28448511662189,-0.10397522784037609,-0.1700028900558866,-0.236966174738632,-0.236966174738632,-0.018868732931086814,-0.38154751348007854,0.594059405940594,5.346534653465347,0.594059405940594,0.8,-0.003128013885700165,-0.018271225067772345,False
momentum,train,0.284718937401704,0.5400575340780287,0.6672608887791742,-0.12720335470114552,-0.2553385966763247,-3.4057400661801607,-1.5655312288633996,-0.03402294416675655,-0.2553385966763247,0.42315502659333537,0.13843608919163136,-0.1841046603456833,-0.012630477441524738,-0.31778689412573174,0.6185587973842511,6.066441809016068,0.6185587973842511,0.4,-0.0009149220720846563,-0.0007782796970113859,True
macd,single,-0.0945238965187412,0.0873464583069062,0.3864123681237006,-0.29906590981679443,-0.1818703548256474,-5.6218172471831505,-2.01089982463471,-0.3169431953537016,-0.1818703548256474,-0.2855044281216467,-0.1909805316029055,0.17086962811033268,-0.05646409589363814,-0.2858385366135007,0.497029702970297,8.017817371937639,0.497029702970297,0.2,0.055522727387873894,0.021236748991114163,False
macd,train,0.4424633406388554,0.8261154640417024,0.6672608887791742,0.15885457526252822,-0.38365212340284705,-2.1422072544758306,-2.11500272571634,0.15885457526252822,-0.38365212340284705,0.3149727084646671,-0.12749063217418832,-0.009021938932145757,-0.019016977498900293,0.1987596260831869,0.5060670764878685,8.335171319615254,0.5060670764878685,0.2,0.010634683056337302,0.0030594819668451345,False
random,single,-0.1507383164034711,0.23479071116453476,0.3864123681237006,-0.15162165695916585,-0.3855290275680059,-4.063876594626265,-3.882174962106895,-0.09240263293960849,-0.3468057423838875,-0.04416702364438277,0.10657129275908833,0.0751023912975059,0.001409405801397013,0.008530959444389676,0.5019714853748072,61.53786302009375,0.15285844890972397,0.24,0.033094013083845075,0.007323822251301848,True
random,train,-0.24558839487005185,0.45184220254383467,0.6672608887791742,-0.21541868623533955,-0.6974305974138866,-4.07081517684154,-3.8035834195867397,-0.018353319101603795,-0.7048870501754094,-0.24006465501059804,0.005523739859453813,0.024880750358076575,0.0014138346482738822,0.2207729789080927,0.49951070730789615,61.43186622046471,0.15306923706281209,0.28,0.023695875756671037,0.02176867536752697,True
momentum_252,single,-0.2008037788417013,-0.1282259921777871,0.3864123681237006,-0.5146383603014877,-0.0725777866639142,-8.647816191837181,-1.2136146138570298,-0.40817813158684646,-0.045491826328138085,-0.34243352373986646,-0.14162974489816516,-0.012978955736692444,-0.03514220418305819,-0.7187603472310152,0.6410256410256411,2.5742574257425743,0.6410256410256411,0.4,0.02431353072328679,0.024342577656554232,False
momentum_252,train,0.2208211702499126,0.3296417332966363,0.6672608887791742,-0.3376191554825379,-0.10882056304672372,-4.39559623526536,-0.7866384217799701,-0.06513596583831116,-0.10463124464493823,0.19985443407159023,-0.02096673617832237,-0.01008969846197294,-0.02159789086130284,-0.7838470005307897,0.7056639043025181,2.8004751024553,0.7056639043025181,0.6,-0.0027757167102233637,-0.0030332613992933855,True
vol_target,single,0.1445140722868171,0.1496101157074393,0.3864123681237006,-0.23680225241626132,-0.005096043420622198,-4.85375003514563,-0.07631885365574995,-0.006556866172217901,-0.013856985776076636,0.15295371868741622,0.008439646400599132,0.0012671629353178115,-0.0019621253396278054,-0.3530735159053126,0.8722772277227723,3.1683168316831685,0.598019801980198,0.6,-0.023216869831221065,-0.011436355541981413,True
vol_target,train,0.5307184119304694,0.5544250720200906,0.6672608887791742,-0.11283581675908361,-0.02370666008962119,-1.8513614413314505,-0.22296151256358046,-0.10585214144190269,-0.024245246121149755,0.5153624416026215,-0.015355970327847968,-0.015355970327847968,-0.009661890575982983,-0.6297895014952342,0.925695710810223,2.852163756657115,0.8017706028844642,0.8,-0.00486927287935246,0.0042250210669300126,True
