eval_set,seed,fold,timing_ic,timing_sharpe,mean_exposure,switches_per_100,time_at_anchor,mdd_agent,mdd_matched,mdd_volmatched,strategy
single,0,F1,-0.008177044089758783,0.1464613983739438,0.598019801980198,59.8019801980198,0.39603960396039606,0.1737960661250486,0.14681044814988387,0.1722660003438391,nb_dqn_k2
single,1,F1,0.004945242801770716,-0.3835359984902602,0.5534653465346535,50.495049504950494,0.3722772277227723,0.23341749611071427,0.13631373277390457,0.1733894817039644,nb_dqn_k2
single,2,F1,0.03497252754152495,0.3459672289053848,0.6722772277227723,34.85148514851485,0.5247524752475248,0.1652157071976067,0.16414182935271293,0.19122971066737793,nb_dqn_k2
single,3,F1,0.06833601159925598,0.9328076270199008,0.4287128712871287,52.27722772277228,0.2712871287128713,0.21725209465213025,0.10653652277551795,0.16293996281771528,nb_dqn_k2
single,4,F1,-0.002080936862596485,-0.09995323953784131,0.7168316831683168,32.27722772277228,0.6,0.17938491602787388,0.1744421210981485,0.20509165872727753,nb_dqn_k2
single,5,F1,0.020472596057173664,0.210671115588002,0.8237623762376237,25.742574257425744,0.7287128712871287,0.21861030568221407,0.1988587406725154,0.2186538325879418,nb_dqn_k2
single,6,F1,0.038562158316966695,0.2864883695740719,0.5495049504950495,36.039603960396036,0.403960396039604,0.2667514324503558,0.13537715699828434,0.16909075589567202,nb_dqn_k2
single,7,F1,0.0252146179398838,0.33749989782644707,0.5435643564356436,45.54455445544555,0.3821782178217822,0.23424514586128475,0.13397121396822465,0.17268291817845438,nb_dqn_k2
single,8,F1,-0.10079261984078701,-1.6381005588489828,0.695049504950495,40.1980198019802,0.5623762376237624,0.2978103581713888,0.16941569105250198,0.19194684866987843,nb_dqn_k2
single,9,F1,-0.022541022310874015,-0.4863226227955085,0.5722772277227722,54.05940594059406,0.39801980198019804,0.23181145942885906,0.1407545962918091,0.16611501689255392,nb_dqn_k2
single,0,F2,-0.05459891330731822,-0.4740334690698787,0.48619329388560156,45.36489151873767,0.3175542406311637,0.14882653181234895,0.09369287495220424,0.12034064208656992,nb_dqn_k2
single,1,F2,-0.026057549684320266,-0.7435840806670218,0.48619329388560156,38.65877712031558,0.2958579881656805,0.1468220849882712,0.09369287495220424,0.13740100631904195,nb_dqn_k2
single,2,F2,-0.03199822453923466,-0.21452411000774788,0.6755424063116371,33.53057199211045,0.4930966469428008,0.16796886313805925,0.1283067993371647,0.1452400573550986,nb_dqn_k2
single,3,F2,-0.046048279500563116,-0.5195940212154515,0.5956607495069034,42.209072978303745,0.4418145956607495,0.1505821913486236,0.11382992127561609,0.14075115839911756,nb_dqn_k2
single,4,F2,0.030021478391920424,0.8421281686283905,0.5552268244575936,56.01577909270217,0.388560157790927,0.1193786893725497,0.10643224207191215,0.14058328571811962,nb_dqn_k2
single,5,F2,-0.0007626744066034772,0.3342519239921996,0.5266272189349113,48.717948717948715,0.34911242603550297,0.11209671133405597,0.10117124748999162,0.11833134002181978,nb_dqn_k2
single,6,F2,-0.030678837578002376,-0.20607108301547847,0.7159763313609467,46.548323471400394,0.5700197238658777,0.13967645793638672,0.13556507471367663,0.14278965505529206,nb_dqn_k2
single,7,F2,-0.06324742431752106,-0.4986209144976975,0.6903353057199211,40.23668639053255,0.5088757396449705,0.1626162351879643,0.13096767080520744,0.14376226014671267,nb_dqn_k2
single,8,F2,0.01569180480769847,-0.17744542652925976,0.7159763313609467,51.28205128205128,0.5443786982248521,0.12334170837825487,0.13556507471367663,0.1435725285928503,nb_dqn_k2
single,9,F2,-0.012897405053097452,-0.12713185085327308,0.5897435897435898,50.09861932938856,0.40236686390532544,0.1610247843149064,0.11275027554791806,0.1404128504462755,nb_dqn_k2
single,0,F3,-0.035369289352245654,-0.39398510827596367,0.5049800796812749,64.34262948207171,0.27689243027888444,0.2415054532018217,0.12364432058773123,0.15563581572847718,nb_dqn_k2
single,1,F3,0.03671738257234941,0.6621525150389358,0.44721115537848605,40.438247011952186,0.30677290836653387,0.14394486888336055,0.11004781262996866,0.16150458574378812,nb_dqn_k2
single,2,F3,-0.06175776984887179,-0.9160001897352262,0.43227091633466136,42.62948207171315,0.26095617529880477,0.21723092892248275,0.10650845276745413,0.15046638964470527,nb_dqn_k2
single,3,F3,0.08793950347062822,1.475982836660267,0.6563745019920318,44.6215139442231,0.46215139442231074,0.19429453631677496,0.15860640038043805,0.1838776887436233,nb_dqn_k2
single,4,F3,0.07209805697873162,0.9777354314425625,0.45119521912350596,50.99601593625498,0.27091633466135456,0.14859480222880728,0.11099004362762621,0.14744994928171817,nb_dqn_k2
single,5,F3,-0.01757167616614527,-0.3593888461163141,0.6802788844621513,38.84462151394422,0.5099601593625498,0.24330958441159056,0.1640382033170007,0.18570587097421987,nb_dqn_k2
single,6,F3,0.0703895471273451,1.0406652930081315,0.41733067729083667,43.02788844621514,0.2589641434262948,0.1381316286444828,0.10295962774633027,0.1522461259545589,nb_dqn_k2
single,7,F3,0.06867448487914686,1.4775038507121019,0.6245019920318725,39.8406374501992,0.448207171314741,0.1970111303446498,0.15132647801150811,0.17655864569387714,nb_dqn_k2
single,8,F3,-0.04745043053106133,-0.570953495364052,0.4860557768924303,40.0398406374502,0.31274900398406374,0.2366490822835644,0.11920586655344889,0.16522829480338141,nb_dqn_k2
single,9,F3,0.013944078301647846,0.4131406682132905,0.6533864541832669,40.23904382470119,0.4760956175298805,0.21482975089619005,0.15792572959396212,0.18328214093478556,nb_dqn_k2
single,0,F4,-0.027921593475306865,-0.49090491691469784,0.5844793713163065,40.078585461689585,0.3614931237721022,0.3782863757824545,0.2459082974995913,0.3276214896703332,nb_dqn_k2
single,1,F4,0.044947356781406024,1.0632055645246268,0.36345776031434185,34.9705304518664,0.22593320235756384,0.1937563357668406,0.15975481144528314,0.2652830252353694,nb_dqn_k2
single,2,F4,0.05912388544333881,1.0570768263827113,0.5756385068762279,54.616895874263264,0.37524557956778,0.12527590984916215,0.24261161188563685,0.28716138161475324,nb_dqn_k2
single,3,F4,0.020615192299908616,-0.19402242009949267,0.3840864440078585,39.489194499017685,0.22986247544204322,0.3364395825179334,0.1681324404569523,0.27382922935228626,nb_dqn_k2
single,4,F4,-0.012364965686216823,0.19523118122994998,0.40078585461689586,49.90176817288802,0.22593320235756384,0.15668240054755145,0.17486250178377827,0.2597962880795126,nb_dqn_k2
single,5,F4,0.0497406137638159,0.35171974308108706,0.42534381139489197,36.93516699410609,0.20235756385068762,0.2621360013449957,0.18467599902117826,0.2563262708479329,nb_dqn_k2
single,6,F4,0.0909607965038472,1.3977839355139041,0.5569744597249509,50.687622789783894,0.3418467583497053,0.22425793693127571,0.23561194552141318,0.2882339276659607,nb_dqn_k2
single,7,F4,0.05973587091322658,0.5440391325837286,0.5481335952848723,58.153241650294696,0.3320235756385069,0.2498709853187019,0.23227728892861033,0.25779438905023444,nb_dqn_k2
single,8,F4,-0.004204490033193188,-0.9493487102028539,0.6797642436149313,44.00785854616896,0.5265225933202358,0.40069898717713737,0.2806770600403904,0.328946189046321,nb_dqn_k2
single,9,F4,-0.075133148241191,-0.9150457896501992,0.4400785854616896,47.74066797642436,0.22789783889980353,0.3512761956864665,0.19051659986343827,0.31170733263659156,nb_dqn_k2
single,0,F5,0.00365252523244468,-0.3471923702414633,0.5211581291759465,42.761692650334076,0.35412026726057905,0.2739709258216868,0.14268095653817625,0.21355046876878048,nb_dqn_k2
single,1,F5,-0.011073696283776831,0.14183794619074144,0.5612472160356348,42.31625835189309,0.3986636971046771,0.21284633502146932,0.15321836965108981,0.20193193398664433,nb_dqn_k2
single,2,F5,0.03866409844639001,-0.02056789712218318,0.33296213808463254,39.198218262806236,0.1870824053452116,0.22171504596737313,0.09234424077472592,0.1384209667803309,nb_dqn_k2
single,3,F5,-0.04234166154209731,-0.8082846226636109,0.5801781737193764,41.648106904231625,0.4298440979955457,0.21793549068502105,0.15817119022043846,0.18750424027489554,nb_dqn_k2
single,4,F5,0.055077069785325325,1.016948227783973,0.44320712694877507,42.31625835189309,0.2828507795100223,0.14360440451067613,0.12200318797510035,0.1857937496066301,nb_dqn_k2
single,5,F5,0.04115657618538891,0.6391924327481748,0.5244988864142539,39.643652561247215,0.34743875278396436,0.1834824334532461,0.143561607726993,0.21001708173910072,nb_dqn_k2
single,6,F5,0.026348822845462624,0.6269971336872974,0.4131403118040089,44.98886414253897,0.2583518930957684,0.13248115168374386,0.11396199790599204,0.1760603060947583,nb_dqn_k2
single,7,F5,0.03395345710078795,1.0623868659919868,0.7260579064587973,27.171492204899778,0.5389755011135857,0.1527818741630027,0.19582889241828116,0.22592196873575066,nb_dqn_k2
single,8,F5,0.02010676954828726,0.5467763873928174,0.6024498886414253,37.639198218262806,0.44766146993318484,0.18842063928054598,0.163978854490471,0.2122400993710042,nb_dqn_k2
single,9,F5,0.011405283673979395,0.269456049871001,0.4665924276169265,46.32516703786192,0.2873051224944321,0.1586208630468764,0.1282323901814565,0.16050511955089775,nb_dqn_k2
