lc_auc,lc_last_half_slope,lc_best_at,strategy
1.8445971282668825,-1.0034738926898945,0.4615195274040039,m2_dqn_base
1.576727686521603,-0.4663225505912934,0.3076796849360026,m2_dqn_base
1.1387235250135976,-1.382907695998508,0.6153593698720052,m2_dqn_base
1.28297221992432,-2.6753628639647675,0.1538398424680013,m2_dqn_base
1.3546012135225705,-1.4353994552295073,0.4102395799146702,m2_dqn_base
0.5780422300395648,0.924400260965164,0.051279947489333774,m2_dqn_base
1.4304064642501866,0.2306248830198387,0.666639317361339,m2_dqn_base
1.043073921750185,0.8082424972274295,0.051279947489333774,m2_dqn_base
1.27327117636978,-0.37943072158679353,0.1538398424680013,m2_dqn_base
1.2236394054848294,-0.9315222114540336,0.25639973744666883,m2_dqn_base
-0.1403832094066868,1.1945283509909734,0.7691992123400065,m2_dqn_base
0.2576057727003681,0.786689978583812,0.051279947489333774,m2_dqn_base
0.31179227958284844,1.8111927550741003,0.9230390548080079,m2_dqn_base
0.22199702953732162,-0.41743039938790094,0.7179192648506728,m2_dqn_base
-0.22760042985747675,0.27938113349575683,0.051279947489333774,m2_dqn_base
0.12339404191657927,-1.8409745309162393,0.4615195274040039,m2_dqn_base
0.1529888864134483,0.19017435691245646,0.8204791598293404,m2_dqn_base
0.24014449929868698,0.6085264839476493,0.8204791598293404,m2_dqn_base
-0.15435501193867718,-0.6536862866317522,0.051279947489333774,m2_dqn_base
0.08567045433708084,-0.011328543342536102,0.3589596324253364,m2_dqn_base
0.7125778123578653,-0.015132194901689457,0.10255989497866755,m2_dqn_base
1.2000856404576898,0.7634722872561098,0.3076796849360026,m2_dqn_base
0.3394981617577258,-0.9731193646145115,0.051279947489333774,m2_dqn_base
1.1056615645392087,-2.6287496776955614,0.666639317361339,m2_dqn_base
0.8856499948921693,-1.106095496733911,0.051279947489333774,m2_dqn_base
0.4894726331271715,-3.908388474206111,0.10255989497866755,m2_dqn_base
0.5485521310846339,-1.0110939758716633,0.051279947489333774,m2_dqn_base
0.2674965307385666,-0.8305162112007914,0.25639973744666883,m2_dqn_base
0.9009975636539147,-0.8085061436916118,0.051279947489333774,m2_dqn_base
1.2813094718841183,0.7465765384705482,0.9230390548080079,m2_dqn_base
0.07746303391523146,0.40333698952610786,0.1538398424680013,m2_dqn_base
0.5118603938490682,-0.0731661079472895,0.2051197899573351,m2_dqn_base
0.22900578534357832,-0.2645944914356525,0.051279947489333774,m2_dqn_base
1.190109118316508,0.6379772236677785,0.6153593698720052,m2_dqn_base
0.9212374932030388,0.8412396883998456,0.10255989497866755,m2_dqn_base
0.7226183151834995,1.7185113808957726,1.0,m2_dqn_base
0.14664130014934573,0.41612724202523516,0.10255989497866755,m2_dqn_base
0.2682260904217332,-0.21534867561851642,0.4615195274040039,m2_dqn_base
0.8836562316346092,0.0880688921610022,0.051279947489333774,m2_dqn_base
0.5695154906073288,-0.29136002045863546,0.1538398424680013,m2_dqn_base
1.3328079485614628,0.438318179801276,0.3589596324253364,m2_dqn_base
0.9955886396883998,-1.9039131254502264,0.5127994748933377,m2_dqn_base
0.7880948933252523,0.18434776650385465,0.8204791598293404,m2_dqn_base
0.8400377459889874,0.07025291230199852,0.051279947489333774,m2_dqn_base
1.275204698449005,-2.0110514935738437,0.5640794223826715,m2_dqn_base
1.3238258253832234,-0.49075384402334327,0.5640794223826715,m2_dqn_base
1.2384994359329586,-2.042445402735487,0.666639317361339,m2_dqn_base
0.8429917815300637,1.2205988482356551,0.051279947489333774,m2_dqn_base
1.418946806327915,-0.5381654761276004,0.4102395799146702,m2_dqn_base
1.2641861737540767,-0.6818246563652646,0.5640794223826715,m2_dqn_base
0.8015271345584777,0.9190691292036169,0.051279947489333774,legacy
0.7474709408113916,-0.79910366396512,0.2051197899573351,legacy
0.8430324189963924,0.4151373507078531,0.3076796849360026,legacy
1.236483959849243,-0.1524591135793434,0.051279947489333774,legacy
1.2016511730922386,-0.7236146980722006,0.1538398424680013,legacy
0.9135575231820889,0.11659459966695539,0.1538398424680013,legacy
1.2718286361929136,1.3221875258192943,0.9743190022973417,legacy
0.8133140489124004,-0.1702857912023657,0.051279947489333774,legacy
0.8693210948230286,2.1481549018002846,0.051279947489333774,legacy
0.8896508547275989,-0.20075593231904248,0.051279947489333774,legacy
0.35320883877974046,-0.891453213527645,0.25639973744666883,legacy
0.3756894685287753,0.9952003643341701,0.9230390548080079,legacy
0.3657988054587378,0.0354455771627914,0.051279947489333774,legacy
0.3207846873011651,-0.28313400668318417,0.10255989497866755,legacy
0.45889449610362176,0.06860898189268601,0.2051197899573351,legacy
0.49367428113756834,0.4991893250669286,0.051279947489333774,legacy
0.2799823587623769,0.354072798589689,0.10255989497866755,legacy
0.28059879106878055,-0.6267541142356566,0.3589596324253364,legacy
0.3941268158066692,0.2488287919190028,0.8717591073186741,legacy
0.3878305126958992,1.5700816809347848,0.9743190022973417,legacy
1.113148477231153,1.1115168966075217,0.10255989497866755,legacy
1.299907912784181,0.17637052769384795,0.051279947489333774,legacy
1.7899464252891144,0.3455283030540601,0.10255989497866755,legacy
0.9542036821978968,-0.643321600672658,0.2051197899573351,legacy
1.6246728080309516,0.034790042160317364,0.8204791598293404,legacy
1.1337644571991108,1.1732519021193861,0.9230390548080079,legacy
1.5489911139756578,0.14120091394617434,0.8204791598293404,legacy
1.2928273692994339,0.5553092451690239,0.7179192648506728,legacy
1.0484362238962819,0.18592267677276747,0.2051197899573351,legacy
1.424698423774132,1.1502442604481746,0.1538398424680013,legacy
0.9737797380779958,0.17243446588889852,0.5640794223826715,legacy
0.9689660552003722,-1.412549647498743,0.5127994748933377,legacy
0.9491704165242735,-0.6390417471617327,0.3076796849360026,legacy
0.9179280227397298,-1.4749700995167623,0.7691992123400065,legacy
1.1134240874613819,-1.7894101686326789,0.10255989497866755,legacy
0.8320547535748825,-0.27332989634345334,0.5127994748933377,legacy
1.0248432437137749,-0.30963117915314137,0.1538398424680013,legacy
0.9345038394627109,-0.4398862459671433,0.5127994748933377,legacy
1.0609484158307134,0.8595929649569504,0.8204791598293404,legacy
0.925133802032658,0.7084774879839564,0.051279947489333774,legacy
0.784505474037355,-3.2093924240286236,0.2051197899573351,legacy
1.0263420259873528,-1.0811474537428118,0.6153593698720052,legacy
1.4359862936287622,-0.26685274049837465,0.4615195274040039,legacy
0.9363443673209644,-0.778703985704707,0.8717591073186741,legacy
1.1223621791503033,0.6742286893497356,1.0,legacy
0.6496789462131525,1.1709307092804422,0.4102395799146702,legacy
1.2035007811180942,-0.11653198744180723,0.7691992123400065,legacy
1.2531084985408647,-1.2162618248691217,0.4615195274040039,legacy
1.1094160583848105,-0.7506992085391081,0.4102395799146702,legacy
1.1113061419659809,-0.57640286159394,0.8717591073186741,legacy
1.3284241584103973,-0.3585998458470871,0.1538398424680013,m2_dqn_dueling
1.830423171481711,0.05260383030267648,0.3589596324253364,m2_dqn_dueling
1.2760610336344382,-0.4930389386233589,0.25639973744666883,m2_dqn_dueling
1.10572991061555,-0.6748669944505927,0.3076796849360026,m2_dqn_dueling
1.8298450566925484,-0.2674703291843224,0.25639973744666883,m2_dqn_dueling
1.1887208615463551,-0.21154514223828744,0.25639973744666883,m2_dqn_dueling
1.0183490265049746,-0.5715765940880011,0.051279947489333774,m2_dqn_dueling
1.0411205509902148,-0.10279789918114259,0.051279947489333774,m2_dqn_dueling
1.2068835919775052,0.15817270565132852,0.25639973744666883,m2_dqn_dueling
1.1844993913728636,-0.48333166097022584,0.1538398424680013,m2_dqn_dueling
0.12997528799840083,-0.5949865607104425,0.051279947489333774,m2_dqn_dueling
0.6765916712929625,-0.24914129596823842,0.8204791598293404,m2_dqn_dueling
0.37252329534104667,0.02052153207748847,0.7691992123400065,m2_dqn_dueling
0.683995819310859,-0.8799349365876697,0.666639317361339,m2_dqn_dueling
0.7814381118360216,-0.6182695343453463,0.3589596324253364,m2_dqn_dueling
0.22372381171108655,-0.5240772991972933,0.3076796849360026,m2_dqn_dueling
0.46448266506480457,0.4502536446815847,0.25639973744666883,m2_dqn_dueling
0.11542956575807438,0.14396939367892908,0.1538398424680013,m2_dqn_dueling
0.04429261491696858,-0.04202318696916029,0.4615195274040039,m2_dqn_dueling
0.6567939039621755,-0.7172523597109333,0.4615195274040039,m2_dqn_dueling
0.9814006357403986,0.26087524550026564,0.2051197899573351,m2_dqn_dueling
0.5713624407445234,-1.9908370433564162,0.10255989497866755,m2_dqn_dueling
0.7785479120232807,-0.5599725949609217,0.051279947489333774,m2_dqn_dueling
0.8287627498315177,-2.4154362130841465,0.4615195274040039,m2_dqn_dueling
1.426394430590035,-0.3537693860817713,0.1538398424680013,m2_dqn_dueling
0.9445913676939683,-1.3239541264906838,0.2051197899573351,m2_dqn_dueling
0.6837089310215776,-1.1840352840198305,0.051279947489333774,m2_dqn_dueling
0.8051093562428705,-1.243887656308694,0.25639973744666883,m2_dqn_dueling
0.5418600012999074,-2.0865627212739737,0.051279947489333774,m2_dqn_dueling
0.40991886975734215,-3.4397845044944235,0.051279947489333774,m2_dqn_dueling
0.49620581828878496,1.3843687482473004,0.051279947489333774,m2_dqn_dueling
1.2632243976855198,0.11395450026041128,0.6153593698720052,m2_dqn_dueling
0.66574920758028,0.3490518975001072,0.051279947489333774,m2_dqn_dueling
0.8715876908260565,1.588278603014449,1.0,m2_dqn_dueling
0.9625450163244968,-0.8318755054069826,0.3076796849360026,m2_dqn_dueling
0.7317386182474166,0.17003824803855294,0.051279947489333774,m2_dqn_dueling
0.7237805950766878,-1.314209252508561,0.051279947489333774,m2_dqn_dueling
0.22539218735235403,-0.00027965799018142687,0.2051197899573351,m2_dqn_dueling
0.8420597638564696,-0.5439891507359756,0.10255989497866755,m2_dqn_dueling
1.0003801067195943,-2.038987306163933,0.6153593698720052,m2_dqn_dueling
1.1952428573010718,0.6774589817311065,0.9743190022973417,m2_dqn_dueling
0.8195283412113329,0.5634482987909217,0.9230390548080079,m2_dqn_dueling
1.6596171081738735,-2.3327406269814364,0.3589596324253364,m2_dqn_dueling
1.6800722357741102,0.9310324221179507,1.0,m2_dqn_dueling
1.3032617721425368,-1.472829796588534,0.4615195274040039,m2_dqn_dueling
1.5465859601179917,-1.168648767057386,0.3589596324253364,m2_dqn_dueling
0.9870777454244439,-0.18209043372633,0.1538398424680013,m2_dqn_dueling
1.2169622250393348,-0.024410939980219284,0.10255989497866755,m2_dqn_dueling
2.0455926367420916,-0.5172707193029504,0.4102395799146702,m2_dqn_dueling
1.383728350544101,-0.24271098387682796,0.4615195274040039,m2_dqn_dueling
1.1147418155797129,-0.4271702132347451,0.256483913328956,m2_dqn_nstep
1.2481841485603558,-0.5543725587818644,0.1538903479973736,m2_dqn_nstep
0.9576568720960034,0.041620268466996256,0.2051871306631648,m2_dqn_nstep
0.8068785565670397,-0.5393601533145106,0.0512967826657912,m2_dqn_nstep
1.0640804262607293,-2.244205099896002,0.1025935653315824,m2_dqn_nstep
0.8483143312135506,0.9052201238959078,0.0512967826657912,m2_dqn_nstep
1.7860012414065556,0.4408302418733382,0.2051871306631648,m2_dqn_nstep
1.2508567303260747,0.28160718261049095,0.3590774786605384,m2_dqn_nstep
0.904445874036628,-3.737476630228186,0.46167104399212083,m2_dqn_nstep
1.238358996627674,0.2620749569584813,0.2051871306631648,m2_dqn_nstep
0.3510782284773359,0.09283991899028982,0.8720453053184505,m2_dqn_nstep
-0.009132751649054124,0.09638453971977301,0.1025935653315824,m2_dqn_nstep
0.4193805614857024,1.41014961004678,1.0,m2_dqn_nstep
1.0829719002551799,2.77791644909815,0.9233420879842417,m2_dqn_nstep
0.14490189454530034,-1.1549984463113223,0.0512967826657912,m2_dqn_nstep
0.7418886762300972,-0.1402001080046191,0.769451739986868,m2_dqn_nstep
0.49379508430341884,0.9372419254644516,0.8720453053184505,m2_dqn_nstep
0.33408555921962596,-0.07377588454490547,0.0512967826657912,m2_dqn_nstep
0.6343667584732224,-0.3652488790066282,0.1025935653315824,m2_dqn_nstep
0.23499038091941263,-0.1100939268110138,0.9233420879842417,m2_dqn_nstep
0.3702775847192418,0.21106505304313117,0.1025935653315824,m2_dqn_nstep
-0.23679382284208345,1.5943292014034078,0.1538903479973736,m2_dqn_nstep
0.587525582989955,-0.24754768981942454,0.0512967826657912,m2_dqn_nstep
0.9299577873716004,0.6748825807352276,0.0512967826657912,m2_dqn_nstep
1.8261270081839776,-0.6837568747552351,0.6155613919894944,m2_dqn_nstep
0.708317027900328,0.14142269487881357,0.3590774786605384,m2_dqn_nstep
0.3247985953975328,-4.609324884691323,0.0512967826657912,m2_dqn_nstep
0.736955256150179,-2.592267216923868,0.6155613919894944,m2_dqn_nstep
0.8975578567042859,1.3585460856856928,0.256483913328956,m2_dqn_nstep
0.10467301271606491,1.6948449584302172,0.0512967826657912,m2_dqn_nstep
0.5876805351306811,-0.3687640005507356,0.1025935653315824,m2_dqn_nstep
1.1689603576982877,-1.5417244486974564,0.2051871306631648,m2_dqn_nstep
0.805454510446961,0.7451531048044865,0.3077806959947472,m2_dqn_nstep
0.4954364782879448,0.3282037105232653,0.0512967826657912,m2_dqn_nstep
1.2268823889834455,-0.7385059992538889,0.4103742613263296,m2_dqn_nstep
0.31571636078978604,-0.5205527985344521,0.0512967826657912,m2_dqn_nstep
0.24548232162539851,0.8144149273844663,0.4103742613263296,m2_dqn_nstep
0.8039175531246858,1.4065551117589092,0.2051871306631648,m2_dqn_nstep
0.6696804102798556,1.285073070585615,0.0512967826657912,m2_dqn_nstep
0.9285178845089694,-0.19552167519326402,0.8720453053184505,m2_dqn_nstep
1.728151600352936,0.8778914280667476,0.3077806959947472,m2_dqn_nstep
1.2502863769545538,-0.40593755872411735,0.2051871306631648,m2_dqn_nstep
1.1147835589623636,0.13662564762426094,0.6668581746552856,m2_dqn_nstep
1.3509491644631875,1.722270570982619,1.0,m2_dqn_nstep
1.8137333619530491,-0.540152063746323,0.769451739986868,m2_dqn_nstep
1.4266210235322643,1.438989115412921,0.9233420879842417,m2_dqn_nstep
1.4292682737677767,-1.3329152599770195,0.512967826657912,m2_dqn_nstep
1.7289358648839686,-0.28933343442100395,0.8207485226526592,m2_dqn_nstep
2.199915934546658,-0.6250164678304142,0.512967826657912,m2_dqn_nstep
1.4821395634456056,0.2193856065472774,0.6668581746552856,m2_dqn_nstep
0.9226766081443861,1.3126959397922706,0.9230390548080079,m2_dqn_per
1.6137505982138407,0.0847268050164949,0.5127994748933377,m2_dqn_per
1.285371378431844,-2.830651672941458,0.4102395799146702,m2_dqn_per
0.39021279936474446,-2.0674333770116684,0.3076796849360026,m2_dqn_per
1.8739023584349705,-0.08159426545619879,0.9743190022973417,m2_dqn_per
0.863089843404722,-1.6178349326315336,0.10255989497866755,m2_dqn_per
1.3657527676616446,-0.8219933639962709,0.051279947489333774,m2_dqn_per
1.2756495806229806,-0.8424387294349039,0.3076796849360026,m2_dqn_per
0.8312967545618292,-1.9425053703071846,0.2051197899573351,m2_dqn_per
1.242068619728074,-1.2310098248106702,0.2051197899573351,m2_dqn_per
0.3771726089278666,-1.1006157022661653,0.4102395799146702,m2_dqn_per
0.28241977452940037,0.5364685593454666,0.051279947489333774,m2_dqn_per
0.6872312480816586,0.21316653856182366,0.25639973744666883,m2_dqn_per
0.23383923855754132,0.06774083539444464,0.8204791598293404,m2_dqn_per
0.26870282377976396,-0.13735925859566625,0.2051197899573351,m2_dqn_per
-0.04108507613650448,-1.417192396412539,0.051279947489333774,m2_dqn_per
-0.09552353480504228,-0.6356343469212545,0.1538398424680013,m2_dqn_per
-0.403740904479235,-0.09601565607886084,0.4615195274040039,m2_dqn_per
0.6432448826811241,0.9372941644617669,0.9230390548080079,m2_dqn_per
0.29454839402274335,-1.641844900392614,0.1538398424680013,m2_dqn_per
1.052759900185635,0.7133552454064099,0.8717591073186741,m2_dqn_per
1.5061605350412866,1.1404628636103809,1.0,m2_dqn_per
0.40739790132185705,-0.4718435467897558,0.10255989497866755,m2_dqn_per
0.2342338679065305,-0.7425154643078705,0.6153593698720052,m2_dqn_per
1.4814707800706133,-0.555196203682098,0.25639973744666883,m2_dqn_per
0.6231280383591444,-1.562451315665713,0.25639973744666883,m2_dqn_per
0.3970153812581779,-1.1397988826749144,0.051279947489333774,m2_dqn_per
0.7809840528667709,1.4139778629418949,0.25639973744666883,m2_dqn_per
1.1524105180289985,-1.6187815063969995,0.666639317361339,m2_dqn_per
1.2144531057647039,-1.55528137785377,0.2051197899573351,m2_dqn_per
0.6097861407728207,-0.9286579619871868,0.051279947489333774,m2_dqn_per
0.7044682326056639,-0.8498477773383384,0.25639973744666883,m2_dqn_per
0.6083614659711841,-1.8609958121445251,0.4102395799146702,m2_dqn_per
1.0599520420889437,1.0744615329497482,0.8717591073186741,m2_dqn_per
0.8144504572565132,-1.4556836934619444,0.1538398424680013,m2_dqn_per
1.3896251212088568,-0.3896936204771299,0.4615195274040039,m2_dqn_per
0.49277378674701855,-0.2412771408020804,0.3076796849360026,m2_dqn_per
0.3540582433648515,1.7103818552700367,0.1538398424680013,m2_dqn_per
0.9957790724829423,-1.0006559649697857,0.7691992123400065,m2_dqn_per
0.8522933887833472,-0.7928423891351604,0.4615195274040039,m2_dqn_per
1.5562350325087981,-0.0861522786801563,0.8717591073186741,m2_dqn_per
1.003522843396257,-0.8407546153138584,0.3076796849360026,m2_dqn_per
1.2958883325882233,0.827355875459594,0.7179192648506728,m2_dqn_per
0.9997958091412208,-1.2078786650414517,0.3589596324253364,m2_dqn_per
1.6125515131984687,-0.7806166200663117,0.3076796849360026,m2_dqn_per
1.2484755337427325,0.7551044561768858,0.3589596324253364,m2_dqn_per
1.5464160688552828,-1.5501322383092269,0.2051197899573351,m2_dqn_per
0.7314860219494941,0.9652516736913015,0.3589596324253364,m2_dqn_per
1.2516139797515575,-1.1237564518190502,0.4615195274040039,m2_dqn_per
1.30872562194289,0.6326497539252325,1.0,m2_dqn_per
1.727794609489879,-0.7786198012926403,0.4736443246884473,m3_dqn_base_100k
1.7125479700998951,-1.1686956287634667,0.7367800606264736,m3_dqn_base_100k
1.4679927369661165,-0.9966093850084341,0.7367800606264736,m3_dqn_base_100k
1.7031239102848539,0.9895455860526975,0.8946615021892893,m3_dqn_base_100k
1.8300236336780373,0.13791374783110635,0.7894072078140788,m3_dqn_base_100k
1.1484195538825885,0.07096769771621478,1.0,m3_dqn_base_100k
1.7520684214512559,-0.1895937517034667,0.6841529134388683,m3_dqn_base_100k
1.2959478557920319,-0.9722814408341595,0.5788986190636578,m3_dqn_base_100k
1.4572048928874988,-0.6931037900589907,0.5788986190636578,m3_dqn_base_100k
1.4073160691202848,-1.5846495922921047,0.3157628831256315,m3_dqn_base_100k
-0.3865698206355668,-0.1202562988069405,0.26313573593802625,m3_dqn_base_100k
0.1978562536190323,-0.38061989134930446,0.10525429437521051,m3_dqn_base_100k
0.5926156524509563,0.25607636607042095,0.15788144156281575,m3_dqn_base_100k
0.4192609796176332,-0.21987285941702905,0.3683900303132368,m3_dqn_base_100k
0.09384305391902223,-0.6752407547541482,0.10525429437521051,m3_dqn_base_100k
0.33351835806506547,0.10102632506012146,0.15788144156281575,m3_dqn_base_100k
-0.15547891043919973,0.23484133563857354,0.15788144156281575,m3_dqn_base_100k
0.029101536270189573,0.7964048600083795,0.05262714718760526,m3_dqn_base_100k
0.3490529756093399,-0.8886144898422399,0.21050858875042103,m3_dqn_base_100k
0.3747402732740157,0.5590624429125779,0.3683900303132368,m3_dqn_base_100k
0.8150500273020103,0.8840808460386483,0.05262714718760526,m3_dqn_base_100k
0.7801718534201506,-0.9545550996385274,0.05262714718760526,m3_dqn_base_100k
0.9544289578690911,-0.6240787644109578,0.05262714718760526,m3_dqn_base_100k
0.7289857990851255,0.6152430676500186,0.8946615021892893,m3_dqn_base_100k
0.9735026799709313,0.4518322570906445,0.3157628831256315,m3_dqn_base_100k
0.9287059591389609,0.733648008983546,0.9472886493768946,m3_dqn_base_100k
0.8354025157493228,1.178303730688071,0.05262714718760526,m3_dqn_base_100k
0.5739710344154445,2.954952413487414,0.05262714718760526,m3_dqn_base_100k
1.065956197751421,0.9557862830093713,0.3683900303132368,m3_dqn_base_100k
1.078701742241592,-1.031726017365718,0.3683900303132368,m3_dqn_base_100k
0.7529962731757741,-0.2557085033824708,0.10525429437521051,m3_dqn_base_100k
0.8709910469175496,0.4085296160365323,0.26313573593802625,m3_dqn_base_100k
0.6000729089241768,-0.5551010619040907,0.15788144156281575,m3_dqn_base_100k
0.9778666617100145,0.5003215227151532,0.3157628831256315,m3_dqn_base_100k
0.8377718027769236,0.9429885740397127,0.15788144156281575,m3_dqn_base_100k
1.0814554156284264,1.1088260127623268,0.05262714718760526,m3_dqn_base_100k
0.49864613765885657,1.5928527403575938,0.21050858875042103,m3_dqn_base_100k
1.0228289618387925,-1.5596606989248494,0.21050858875042103,m3_dqn_base_100k
1.1726926499143995,-0.9866483519462443,0.42101717750084205,m3_dqn_base_100k
0.5400238755899873,-0.7925858814659916,0.15788144156281575,m3_dqn_base_100k
1.2765529581592243,-1.3183578645143457,0.42101717750084205,m3_dqn_base_100k
1.4004387070305484,1.4208304439455857,0.9999157965644998,m3_dqn_base_100k
0.9041566781839786,0.2092379821007764,0.4736443246884473,m3_dqn_base_100k
1.031069454569093,-1.9048382581496426,0.5262714718760525,m3_dqn_base_100k
1.6192696149898196,0.5745865072620412,0.7367800606264736,m3_dqn_base_100k
1.2481150613942527,1.4957168969958172,0.9999157965644998,m3_dqn_base_100k
1.2530508831346103,1.0923440044987345,0.8420343550016841,m3_dqn_base_100k
1.5456863446891298,-1.325787358567424,0.26313573593802625,m3_dqn_base_100k
1.4954359425486496,0.22732244923939954,0.8946615021892893,m3_dqn_base_100k
1.1864889979303508,0.8189999860201176,0.8946615021892893,m3_dqn_base_100k
1.3980315045319816,-0.11759283842444476,0.5788986190636578,nb_dqn_base
2.093658907853283,0.6506247547455886,0.3157628831256315,nb_dqn_base
1.3740381993695971,0.17508332306115798,0.15788144156281575,nb_dqn_base
1.24067982919333,-2.431884961726182,0.6841529134388683,nb_dqn_base
1.5210102656061866,-1.0852218564056217,0.05262714718760526,nb_dqn_base
0.9986315503200331,-0.5101553036618323,0.4736443246884473,nb_dqn_base
1.6205826044732736,-0.6748560536985223,0.10525429437521051,nb_dqn_base
0.9738395321513532,-0.6061952932175249,0.3683900303132368,nb_dqn_base
1.16707414682466,0.3035320934504503,0.5788986190636578,nb_dqn_base
1.4748512790043564,1.1790563122485174,0.42101717750084205,nb_dqn_base
-0.44412560347953633,-0.014958946008872405,0.3683900303132368,nb_dqn_base
0.1861964569133482,0.5327281648822256,0.05262714718760526,nb_dqn_base
0.6701332196189362,-1.0618873108237725,0.5262714718760525,nb_dqn_base
0.23497683388111026,-0.19758015703472875,0.15788144156281575,nb_dqn_base
0.12425855854709873,0.4735203375588368,0.26313573593802625,nb_dqn_base
0.1888298209143264,1.020862120972251,0.15788144156281575,nb_dqn_base
-0.12869543707255446,0.6091905506705982,0.15788144156281575,nb_dqn_base
0.08929628689743721,0.10075072530346604,0.3157628831256315,nb_dqn_base
0.5045191166254677,-0.23841072546300243,0.21050858875042103,nb_dqn_base
0.6040706617844814,-0.36678198507548365,0.5788986190636578,nb_dqn_base
1.115646131317454,0.09220248420138061,0.631525766251263,nb_dqn_base
1.0866414826647137,1.062577298909052,0.21050858875042103,nb_dqn_base
1.1449968533965784,0.13861331940489469,0.05262714718760526,nb_dqn_base
1.2300007381405234,-0.43533973425527406,0.3683900303132368,nb_dqn_base
0.874178121629718,-0.14551226509247936,0.05262714718760526,nb_dqn_base
1.3599981467479176,0.9505851924749195,0.9999157965644998,nb_dqn_base
0.8295469796154036,0.8332672876108819,0.05262714718760526,nb_dqn_base
0.5561727576310656,0.7993559913962066,0.05262714718760526,nb_dqn_base
0.8740587371801805,-0.8265699129954368,0.10525429437521051,nb_dqn_base
1.0079117638885975,-1.1314946257084564,0.15788144156281575,nb_dqn_base
0.8279470672037145,0.5888991340880891,0.21050858875042103,nb_dqn_base
1.4417558675294149,0.18076842732093387,0.7367800606264736,nb_dqn_base
0.7765818544470198,0.09584094475216635,0.8420343550016841,nb_dqn_base
0.869930676668938,-0.07587523696066578,0.10525429437521051,nb_dqn_base
0.8430174340836606,0.39359867484580946,0.4736443246884473,nb_dqn_base
0.5199270583252883,0.9176303075522119,0.05262714718760526,nb_dqn_base
0.4594527557706073,-0.2236776125586536,0.10525429437521051,nb_dqn_base
0.36199209936279864,1.16756345773979,0.10525429437521051,nb_dqn_base
1.2109298287796542,-1.289383087408763,0.21050858875042103,nb_dqn_base
1.0910620894500802,0.014127113967573894,0.7894072078140788,nb_dqn_base
1.1478275619324718,0.8940276040684886,0.10525429437521051,nb_dqn_base
1.2809279084595033,0.10761141172488518,0.9472886493768946,nb_dqn_base
1.13577888292977,1.0366565867229498,0.631525766251263,nb_dqn_base
1.5747746286580107,-0.4988278305205769,0.8420343550016841,nb_dqn_base
1.8534832260859555,0.5771827077233804,0.7367800606264736,nb_dqn_base
1.0330997677086151,0.2834573146882573,0.7894072078140788,nb_dqn_base
0.8859573428907057,-0.892533287466698,0.631525766251263,nb_dqn_base
1.7421052416587304,-0.55124253150007,0.3157628831256315,nb_dqn_base
1.4094260676638193,0.4302786735311868,0.4736443246884473,nb_dqn_base
1.1587501759722063,0.3874681341868151,0.6841529134388683,nb_dqn_base
1.6369112235545382,-0.01247548207861674,0.10525429437521051,nb_dqn_k2
1.496918737746362,-1.0426924867054144,0.26313573593802625,nb_dqn_k2
0.6531520752897807,1.795613016896152,0.10525429437521051,nb_dqn_k2
1.5501417884004824,-0.9835409857413221,0.3157628831256315,nb_dqn_k2
2.0430976945117822,0.4759005816500118,0.15788144156281575,nb_dqn_k2
-0.04008375239197371,-0.2625183327554352,0.05262714718760526,nb_dqn_k2
1.2439602733159258,-1.6577555756383675,0.4736443246884473,nb_dqn_k2
1.2519018912730684,-0.7533060857542178,0.3683900303132368,nb_dqn_k2
0.9741914638836893,1.5729074981945537,0.05262714718760526,nb_dqn_k2
0.8847035223025818,-0.4920448793083578,0.42101717750084205,nb_dqn_k2
0.4204026086955582,0.4587088867738508,0.9472886493768946,nb_dqn_k2
0.41860189454602004,-0.6494557705429047,0.10525429437521051,nb_dqn_k2
0.6348952557019439,-1.5252187993037172,0.10525429437521051,nb_dqn_k2
0.22537621484640727,1.1303065736308544,0.3683900303132368,nb_dqn_k2
0.3827618624419698,-1.598156111585261,0.42101717750084205,nb_dqn_k2
0.45563970060096726,3.400255757931491,0.8946615021892893,nb_dqn_k2
-0.284320867658563,-0.113554964105086,0.10525429437521051,nb_dqn_k2
0.3040840654529938,-0.8244809050594979,0.21050858875042103,nb_dqn_k2
0.19024501698711982,1.131932520240369,0.05262714718760526,nb_dqn_k2
0.02733082792398886,2.0048347795639962,0.9999157965644998,nb_dqn_k2
0.11417982263406459,-0.9055012816542286,0.05262714718760526,nb_dqn_k2
0.9942308841695381,0.9712731580164982,0.8946615021892893,nb_dqn_k2
1.1053408667368847,-0.5603322993239308,0.3157628831256315,nb_dqn_k2
0.42159495115852225,2.834860922121855,0.05262714718760526,nb_dqn_k2
1.1263514149360583,-0.5336205168376352,0.3683900303132368,nb_dqn_k2
0.5064144687078167,1.35583576433854,0.05262714718760526,nb_dqn_k2
0.7852363062642193,2.0025787999080085,0.9472886493768946,nb_dqn_k2
0.05881567724238364,0.9885501472789754,0.15788144156281575,nb_dqn_k2
0.5130404785858873,2.4109737902105075,0.26313573593802625,nb_dqn_k2
0.86286843000627,0.48461120230814564,0.15788144156281575,nb_dqn_k2
0.7621625101690613,-0.8580602445824391,0.15788144156281575,nb_dqn_k2
1.5533663133406879,0.21690141736566407,0.5788986190636578,nb_dqn_k2
0.9356736514989579,0.43098414959186,0.10525429437521051,nb_dqn_k2
1.5710653807971957,0.6672143715638295,0.8420343550016841,nb_dqn_k2
0.8515807346688191,0.5309609002752312,0.8420343550016841,nb_dqn_k2
0.5941281731211318,0.46104719975868247,0.10525429437521051,nb_dqn_k2
0.9971067985132822,-2.527802630321324,0.21050858875042103,nb_dqn_k2
0.6279830216793747,-1.0975662375284483,0.15788144156281575,nb_dqn_k2
0.527681338655575,0.8781884318738301,0.05262714718760526,nb_dqn_k2
0.8835321114136926,1.6547907557503632,0.9472886493768946,nb_dqn_k2
1.1859481996512102,-0.9739144368004835,0.5262714718760525,nb_dqn_k2
1.4604004957122043,3.8430899705164823,1.0,nb_dqn_k2
1.1891640970055353,0.32537001292214024,0.9472886493768946,nb_dqn_k2
1.3794350206801973,0.9451260453216599,0.9472886493768946,nb_dqn_k2
2.081616606664361,-1.9548722477239864,0.5788986190636578,nb_dqn_k2
1.4050981068160426,1.1813167451177633,0.7894072078140788,nb_dqn_k2
1.6491185123372245,1.8812864886691825,0.7367800606264736,nb_dqn_k2
0.9178986848082332,0.4920642038931912,0.05262714718760526,nb_dqn_k2
1.8890238555414078,-1.838861096393072,0.4736443246884473,nb_dqn_k2
1.1303298208596186,0.23692681767731888,0.4736443246884473,nb_dqn_k2
1.4070802209548317,0.07628244666281336,0.5788986190636578,m3_mean_variance
0.8723268016987208,-1.1633628544524819,0.5788986190636578,m3_mean_variance
0.08409310912941685,0.5021851976648566,0.3683900303132368,m3_mean_variance
-0.018066125785628617,0.6933828704679786,0.05262714718760526,m3_mean_variance
1.1724816029071112,0.580170385080578,0.3683900303132368,m3_mean_variance
0.6144582810976268,-2.051444567030911,0.3157628831256315,m3_mean_variance
0.45454084206452333,-0.7397681532868557,0.6841529134388683,m3_mean_variance
1.461353290980308,0.4043786964693869,0.3157628831256315,m3_mean_variance
1.079673362896249,-0.04195191807257209,0.3157628831256315,m3_mean_variance
1.285656290119811,-0.5403618868703526,0.4736443246884473,m3_mean_variance
0.2705303153722774,1.2972921405459445,0.8420343550016841,m3_mean_variance
0.3631135803574946,-0.4317801762204216,0.10525429437521051,m3_mean_variance
0.05235594309752442,0.5169595153960174,0.05262714718760526,m3_mean_variance
0.002555232233932494,0.06286703473893548,0.4736443246884473,m3_mean_variance
-0.3361622400811778,-0.1629060077757652,0.5262714718760525,m3_mean_variance
0.7818618567589809,-0.9638225032189363,0.631525766251263,m3_mean_variance
-0.5412783183916368,0.12665578443920136,0.05262714718760526,m3_mean_variance
0.007973091289838195,-1.7241066087751002,0.05262714718760526,m3_mean_variance
-0.16608719912885678,1.5929527174971236,0.05262714718760526,m3_mean_variance
-0.19606444443286733,-0.48171502441270386,0.4736443246884473,m3_mean_variance
-0.13268023875147242,-0.33418600170833734,0.05262714718760526,m3_mean_variance
0.9646308211232514,-0.7776292986043845,0.26313573593802625,m3_mean_variance
0.220701833552856,-1.25555291299193,0.05262714718760526,m3_mean_variance
0.10429626859353727,2.6816439955442637,0.9999157965644998,m3_mean_variance
0.28297982678785816,0.7539046197309103,0.05262714718760526,m3_mean_variance
0.9683619482979575,-0.40530712763197685,0.26313573593802625,m3_mean_variance
0.6488560762253481,0.7028510585798426,0.8946615021892893,m3_mean_variance
0.9079592136146135,-0.7071160724831094,0.4736443246884473,m3_mean_variance
0.6894869122664014,-0.2291457955066863,0.26313573593802625,m3_mean_variance
0.8249354780297774,0.6408726325007648,0.7367800606264736,m3_mean_variance
0.2664071005520652,1.4203414458228154,0.7894072078140788,m3_mean_variance
0.6964918886736395,0.9213622566138793,0.8420343550016841,m3_mean_variance
0.03165826902210584,0.4173816824101993,0.26313573593802625,m3_mean_variance
0.5384621768733636,0.2087257297630953,0.3157628831256315,m3_mean_variance
0.6086454218086879,0.949162669079027,0.9999157965644998,m3_mean_variance
0.1357863810214176,0.8049630571648211,0.05262714718760526,m3_mean_variance
-0.0021795387274957676,0.7597251009071921,0.21050858875042103,m3_mean_variance
-0.32131919503247997,-0.29075362300892355,0.05262714718760526,m3_mean_variance
1.097454117376234,0.444733782629503,0.05262714718760526,m3_mean_variance
0.21114856132816126,0.2927387485802031,0.21050858875042103,m3_mean_variance
0.8834328310303853,-0.8628709405983472,0.4736443246884473,m3_mean_variance
1.5033963022704289,0.9373653437836055,0.9999157965644998,m3_mean_variance
0.6192704383290302,-0.10048740431850721,0.7894072078140788,m3_mean_variance
0.785441395780425,1.099557021096527,0.8946615021892893,m3_mean_variance
1.0570321650740395,-0.26985626649833505,0.8420343550016841,m3_mean_variance
1.4779195641492293,-0.2591632740013825,0.15788144156281575,m3_mean_variance
1.156712823274466,0.9025643963316511,0.05262714718760526,m3_mean_variance
0.33991382722031277,1.0838473322803326,0.05262714718760526,m3_mean_variance
1.5343745345917772,-0.9188817410641467,0.631525766251263,m3_mean_variance
0.8235122617673348,-1.412662797533322,0.6841529134388683,m3_mean_variance
1.9254692290012017,0.09691839926548348,0.42101717750084205,m3_vol_scaled_pnl
1.5057655096343943,-0.14869263329994367,0.26313573593802625,m3_vol_scaled_pnl
1.2978003095881008,-0.06741520523845797,0.15788144156281575,m3_vol_scaled_pnl
1.2148396140954427,0.7609903991791708,0.05262714718760526,m3_vol_scaled_pnl
1.5867756365960832,0.22031997777603715,0.4736443246884473,m3_vol_scaled_pnl
0.8942685765321653,-0.058370672284674005,0.15788144156281575,m3_vol_scaled_pnl
1.948496705111733,-0.9324452904074501,0.05262714718760526,m3_vol_scaled_pnl
1.231161833265405,-1.0850982255096693,0.42101717750084205,m3_vol_scaled_pnl
1.552825948555322,0.44865268361245547,0.42101717750084205,m3_vol_scaled_pnl
1.7475816334504046,-1.0087350057448445,0.3157628831256315,m3_vol_scaled_pnl
0.24492884452434868,-0.14184867606247578,0.7894072078140788,m3_vol_scaled_pnl
0.2150228633015084,-1.148298228212321,0.05262714718760526,m3_vol_scaled_pnl
0.30787579969019113,-0.94268279864915,0.26313573593802625,m3_vol_scaled_pnl
0.5388701753660499,-2.162405449698108,0.42101717750084205,m3_vol_scaled_pnl
0.08137835076759921,0.645051617330724,0.10525429437521051,m3_vol_scaled_pnl
0.3564381244398674,0.03366112471592012,0.10525429437521051,m3_vol_scaled_pnl
-0.07129629868480639,-0.6202834161156271,0.21050858875042103,m3_vol_scaled_pnl
0.15447101831044296,-0.15693462563727334,0.05262714718760526,m3_vol_scaled_pnl
0.3495273402420288,0.09971374196587014,0.4736443246884473,m3_vol_scaled_pnl
0.25395747911609723,0.05532101345821841,0.9999157965644998,m3_vol_scaled_pnl
0.9481622471151723,1.4531959873081075,0.05262714718760526,m3_vol_scaled_pnl
1.341002697738994,0.7326782362664974,0.26313573593802625,m3_vol_scaled_pnl
0.7949267531142337,1.1778510889793823,0.21050858875042103,m3_vol_scaled_pnl
1.7415010787878025,0.2475439950275264,0.9472886493768946,m3_vol_scaled_pnl
1.2121448600487528,2.0756351018039894,0.05262714718760526,m3_vol_scaled_pnl
1.4226867718058183,0.8413688187671321,0.4736443246884473,m3_vol_scaled_pnl
1.1148396504685816,-1.8286469927596671,0.3157628831256315,m3_vol_scaled_pnl
1.2323398624830353,1.1043553001892592,0.05262714718760526,m3_vol_scaled_pnl
1.2159860216913843,1.3688618595036437,0.05262714718760526,m3_vol_scaled_pnl
0.5822147807001069,-0.3505484725407183,0.6841529134388683,m3_vol_scaled_pnl
0.18978814326551308,0.017688024341185802,0.21050858875042103,m3_vol_scaled_pnl
0.992815004974512,0.5664852590315755,0.15788144156281575,m3_vol_scaled_pnl
0.43899858749923143,0.43164941291021,0.10525429437521051,m3_vol_scaled_pnl
1.1150185250745126,-0.48644646003751957,0.26313573593802625,m3_vol_scaled_pnl
0.971594034132128,0.5248470945845944,0.8420343550016841,m3_vol_scaled_pnl
0.8796174667026663,-0.03195495471303334,0.10525429437521051,m3_vol_scaled_pnl
0.13561285171415194,0.5811616743594407,0.21050858875042103,m3_vol_scaled_pnl
1.0226427513218137,0.20434447323386776,0.3157628831256315,m3_vol_scaled_pnl
0.9892561648622847,0.13407144735403417,0.05262714718760526,m3_vol_scaled_pnl
0.7825070001535396,0.12045854661315372,0.10525429437521051,m3_vol_scaled_pnl
1.288197491429828,1.1689597432668637,1.0,m3_vol_scaled_pnl
1.1983387310492826,-0.3917126265816338,0.10525429437521051,m3_vol_scaled_pnl
0.6578224257440971,2.1227515678098174,0.9999157965644998,m3_vol_scaled_pnl
1.4234357206539974,-0.11322624652492633,0.5788986190636578,m3_vol_scaled_pnl
1.5926062026712353,1.7233140022783804,1.0,m3_vol_scaled_pnl
1.5442950823494663,-0.5412436841525354,0.5262714718760525,m3_vol_scaled_pnl
1.1840443555810842,-0.5067030966889251,0.26313573593802625,m3_vol_scaled_pnl
0.773528191109667,-0.8499372524428417,0.21050858875042103,m3_vol_scaled_pnl
1.3540873660651507,0.13772559907957388,0.7894072078140788,m3_vol_scaled_pnl
1.4138630833590875,0.6570029321017978,0.7367800606264736,m3_vol_scaled_pnl
1.81723061507313,-0.13183913889219065,0.42101717750084205,m3_active_return
0.8703753556282041,0.05727106787650036,0.10525429437521051,m3_active_return
1.6260103616878598,-0.5467185164838917,0.15788144156281575,m3_active_return
1.5139776305830452,0.2746124448145552,0.42101717750084205,m3_active_return
1.5814700423424455,1.3020656935226245,0.9999157965644998,m3_active_return
1.0944058822320617,-0.17171136366946818,0.5262714718760525,m3_active_return
1.3341406240893072,-0.14076393978613586,0.4736443246884473,m3_active_return
1.1370538941814128,1.5905799743992606,0.9472886493768946,m3_active_return
1.1956521593052285,0.5478677652467921,0.7367800606264736,m3_active_return
1.2730095026712138,1.1781775843881501,0.10525429437521051,m3_active_return
0.463229478041313,-0.22779702011447792,0.7894072078140788,m3_active_return
0.7495706427256474,-0.17786170381805036,0.05262714718760526,m3_active_return
0.040125475139931935,-0.33212487561090615,0.3683900303132368,m3_active_return
0.2562655491307351,0.15313443229468457,0.10525429437521051,m3_active_return
0.5845894312436594,0.2782788956391132,0.26313573593802625,m3_active_return
-0.1680072710425674,-1.215588454664005,0.05262714718760526,m3_active_return
0.7747206468475759,-1.681448950441204,0.631525766251263,m3_active_return
0.010824391703173428,0.15454011986541805,0.7367800606264736,m3_active_return
0.38395907007445684,1.4937000389111312,0.9472886493768946,m3_active_return
0.3978217212640622,-1.6858871274296143,0.26313573593802625,m3_active_return
1.2932201165157058,1.036544195710455,0.8946615021892893,m3_active_return
0.4213288910297318,-0.0804425518484039,0.05262714718760526,m3_active_return
1.499973743870489,0.47842142470076904,0.9999157965644998,m3_active_return
1.018414907954294,0.5679875261625457,0.26313573593802625,m3_active_return
1.6163111185054535,-0.36458057017393575,0.26313573593802625,m3_active_return
0.7471092633456964,-1.4711177023819348,0.05262714718760526,m3_active_return
2.1360000266460837,-0.43444840882621516,0.5788986190636578,m3_active_return
1.4419361174004266,0.12098662392717757,0.05262714718760526,m3_active_return
1.0909712722559648,-0.36308140532589395,0.3683900303132368,m3_active_return
1.4604065074538788,0.13833435176900022,0.5788986190636578,m3_active_return
-0.050047017548840424,2.378038713698585,0.05262714718760526,m3_active_return
0.34394696479494336,-0.11125997933242206,0.6841529134388683,m3_active_return
1.3685656975442275,0.9612877263005041,0.7367800606264736,m3_active_return
0.7157374283736515,1.4430184955761876,0.9999157965644998,m3_active_return
0.8937104846095415,-0.9018050446878938,0.631525766251263,m3_active_return
0.442112176521178,-1.591066997576088,0.05262714718760526,m3_active_return
0.1065996927083986,1.1659812563568699,0.05262714718760526,m3_active_return
1.1303890278107585,-0.49037170935629987,0.631525766251263,m3_active_return
0.9359156784668551,1.3917626730488606,0.05262714718760526,m3_active_return
0.8912501965739786,-0.20317514913974985,0.7367800606264736,m3_active_return
1.1603236643577821,1.0034901493392636,0.9472886493768946,m3_active_return
1.1563647270354656,-1.8399293227789042,0.26313573593802625,m3_active_return
0.8687850430564656,0.8496912695433767,0.10525429437521051,m3_active_return
1.113831806997816,0.23987843018506025,0.05262714718760526,m3_active_return
1.2842582496248478,-0.5294297394806387,0.3683900303132368,m3_active_return
1.1473255388856634,1.2373779628203534,0.9472886493768946,m3_active_return
0.9550827546585411,-0.23588024511020306,0.42101717750084205,m3_active_return
1.5790423253351453,0.059854874855261066,0.42101717750084205,m3_active_return
1.1264575071559235,0.863790039444582,0.8946615021892893,m3_active_return
1.023878125252011,-0.6756765542904221,0.5788986190636578,m3_active_return
1.7497614036712406,-0.5559881623047883,0.631525766251263,m3_diff_sharpe_shadow3
1.3401878979763862,0.6611805942003676,0.3157628831256315,m3_diff_sharpe_shadow3
1.3189986662639657,0.5580292555185634,0.3157628831256315,m3_diff_sharpe_shadow3
1.329402997717876,-0.25403220649915,0.26313573593802625,m3_diff_sharpe_shadow3
1.7768116997694872,1.2082598053820561,0.8420343550016841,m3_diff_sharpe_shadow3
0.8870362631762061,0.4619491273516646,0.10525429437521051,m3_diff_sharpe_shadow3
1.9160200351439858,0.7986202761482178,0.10525429437521051,m3_diff_sharpe_shadow3
1.7554663012303897,-0.9834834256461431,0.42101717750084205,m3_diff_sharpe_shadow3
1.7783825273246858,-1.439480928962541,0.631525766251263,m3_diff_sharpe_shadow3
2.0907702919163405,-1.3201809768612804,0.5262714718760525,m3_diff_sharpe_shadow3
0.31724942856849525,-1.2069504831940974,0.26313573593802625,m3_diff_sharpe_shadow3
0.34611120985582916,-0.16025570315107568,0.8946615021892893,m3_diff_sharpe_shadow3
0.5281199745584899,-0.7471152491596073,0.05262714718760526,m3_diff_sharpe_shadow3
0.18166539008067054,0.05655534385129663,0.15788144156281575,m3_diff_sharpe_shadow3
0.09800893436821287,-0.08939711670752676,0.10525429437521051,m3_diff_sharpe_shadow3
0.26399474779006377,0.2020971563005676,0.05262714718760526,m3_diff_sharpe_shadow3
-0.11637935004439198,0.016093480255728085,0.05262714718760526,m3_diff_sharpe_shadow3
0.1701540830092887,0.07382130326182228,0.05262714718760526,m3_diff_sharpe_shadow3
0.7466121459149262,1.3211702824099183,0.3157628831256315,m3_diff_sharpe_shadow3
0.24980138109163774,-0.4509842083504774,0.7367800606264736,m3_diff_sharpe_shadow3
1.3729002682638198,0.4963202672475655,0.9999157965644998,m3_diff_sharpe_shadow3
0.8177196335666257,0.18461397276832098,0.26313573593802625,m3_diff_sharpe_shadow3
0.5288872149573709,-0.052056116013353346,0.05262714718760526,m3_diff_sharpe_shadow3
1.1192639152128916,1.3589919088138116,0.21050858875042103,m3_diff_sharpe_shadow3
1.5376044073486341,-2.7130795261246714,0.4736443246884473,m3_diff_sharpe_shadow3
1.0180755999398228,-2.519427976909169,0.05262714718760526,m3_diff_sharpe_shadow3
1.55795091004967,0.40467940460147006,0.26313573593802625,m3_diff_sharpe_shadow3
1.1958435719904088,-0.6994298774070499,0.4736443246884473,m3_diff_sharpe_shadow3
0.7327392192199298,0.8312851405995194,0.05262714718760526,m3_diff_sharpe_shadow3
1.2033729304048135,-0.7170276988568061,0.15788144156281575,m3_diff_sharpe_shadow3
0.5768791859923166,1.3697704179971013,0.15788144156281575,m3_diff_sharpe_shadow3
0.8668780966724139,-0.07481365387557079,0.3157628831256315,m3_diff_sharpe_shadow3
0.8783538536180507,-1.2693752110664684,0.3683900303132368,m3_diff_sharpe_shadow3
0.9116215159425826,-1.2948602343507842,0.05262714718760526,m3_diff_sharpe_shadow3
1.2880584780423927,-0.3696614002382056,1.0,m3_diff_sharpe_shadow3
0.36863993418738983,-0.5716848874419429,0.05262714718760526,m3_diff_sharpe_shadow3
0.40003181720465186,-0.20488430494157814,0.6841529134388683,m3_diff_sharpe_shadow3
0.6670459208834018,-0.8399232591494166,0.4736443246884473,m3_diff_sharpe_shadow3
0.8882121700825536,-1.0531329830064908,0.6841529134388683,m3_diff_sharpe_shadow3
0.41543132647163117,-1.4503169650660739,0.05262714718760526,m3_diff_sharpe_shadow3
1.4064662493960367,-1.0524652101286103,0.631525766251263,m3_diff_sharpe_shadow3
1.358491996966314,-1.8894019250099514,0.4736443246884473,m3_diff_sharpe_shadow3
0.8488627904079309,-0.7239367591610171,0.15788144156281575,m3_diff_sharpe_shadow3
1.64156068060994,0.8067259378702859,0.7894072078140788,m3_diff_sharpe_shadow3
1.3795684616030508,1.2944054464117836,0.8946615021892893,m3_diff_sharpe_shadow3
1.6490389292696084,-0.42278920085956606,0.5262714718760525,m3_diff_sharpe_shadow3
1.296788124967836,-0.13776442812222692,0.3683900303132368,m3_diff_sharpe_shadow3
1.2051961519955698,-1.368764491838621,0.6841529134388683,m3_diff_sharpe_shadow3
1.3520819604665288,0.49411022252723685,0.9472886493768946,m3_diff_sharpe_shadow3
1.2873797188562888,-0.3751610740364929,0.6841529134388683,m3_diff_sharpe_shadow3
0.9152073448525877,-0.22479565834365717,0.5262714718760525,m4_cross_resid
0.7988806503182552,-0.046603893544368,0.10525429437521051,m4_cross_resid
0.46859167291927134,0.3052885938310102,0.05262714718760526,m4_cross_resid
1.126797948099957,-0.015609732235728509,0.15788144156281575,m4_cross_resid
1.0821923445873731,0.1914111859773536,1.0,m4_cross_resid
1.01589679543862,-0.5836360652131306,0.05262714718760526,m4_cross_resid
0.6576370626069022,-0.031596372211150685,0.42101717750084205,m4_cross_resid
0.5688567575148771,-0.03417935410276101,0.3683900303132368,m4_cross_resid
1.2186664388845194,-0.07389079643805505,0.6841529134388683,m4_cross_resid
0.5998668006289517,0.6654318041599753,0.8946615021892893,m4_cross_resid
-0.5163171638023585,-0.09844963187806044,0.42101717750084205,m4_cross_resid
-0.5899602201002774,0.178799557036649,0.8420343550016841,m4_cross_resid
-0.610057216146614,0.2456836487060781,0.10525429437521051,m4_cross_resid
-0.5175481454033537,-0.05674125312415426,0.5788986190636578,m4_cross_resid
-0.6130248381214818,0.008812174723840568,0.42101717750084205,m4_cross_resid
-0.45907642847695745,-0.17365528271228767,0.5262714718760525,m4_cross_resid
-0.9336596415161353,0.77902070586648,0.15788144156281575,m4_cross_resid
-0.7983222962379153,-0.1160345660352536,0.3157628831256315,m4_cross_resid
-0.9429788942872499,-0.3399385384576799,0.05262714718760526,m4_cross_resid
-0.7247208011817479,0.3636874148422172,0.8946615021892893,m4_cross_resid
1.7143578670227875,-0.11998856608077607,0.15788144156281575,m4_cross_resid
1.473849204140996,-0.554650922665788,0.15788144156281575,m4_cross_resid
1.8256848376584447,-0.14898928266624195,0.15788144156281575,m4_cross_resid
2.083835887497198,0.44204059564544546,0.9472886493768946,m4_cross_resid
1.742715522869591,0.2997310529523634,0.7894072078140788,m4_cross_resid
1.831962323861212,-0.5636499318005352,0.15788144156281575,m4_cross_resid
0.993527061017637,-0.15465411368514873,0.05262714718760526,m4_cross_resid
1.9920021266338626,0.2893464773596439,0.3683900303132368,m4_cross_resid
1.9258779324817112,0.560149767852664,0.4736443246884473,m4_cross_resid
1.7616446094664167,-0.29897757768339844,0.5788986190636578,m4_cross_resid
0.856110914948306,0.3091573297146526,0.5262714718760525,m4_cross_resid
0.7864079072940879,-0.412993461568331,0.5262714718760525,m4_cross_resid
0.7229387637438452,-0.6438992122520665,0.21050858875042103,m4_cross_resid
0.7752443406432638,-0.2700339715071675,0.15788144156281575,m4_cross_resid
0.6055309483955805,-0.07859432518076927,0.3157628831256315,m4_cross_resid
0.832511798405832,-0.49477340102107714,0.10525429437521051,m4_cross_resid
0.6638539758156897,0.27130283370393876,0.05262714718760526,m4_cross_resid
0.7679528708643254,-0.11045865465296956,0.8420343550016841,m4_cross_resid
1.0513864754343851,-0.5319240253122534,0.05262714718760526,m4_cross_resid
0.7513423884114558,-0.07976453670007659,0.631525766251263,m4_cross_resid
1.3689137947056433,-0.05424835840846507,0.7367800606264736,m4_cross_resid
1.6619738654692984,-0.6140158216178949,0.4736443246884473,m4_cross_resid
1.5986192115563531,0.14384929311872693,0.8946615021892893,m4_cross_resid
1.3464854759685947,0.6424881935443981,0.9999157965644998,m4_cross_resid
1.4807174671998073,0.4912307713500757,0.05262714718760526,m4_cross_resid
1.366571005749694,0.0897100907299284,0.10525429437521051,m4_cross_resid
1.2182073399160722,-0.17416821935321278,0.10525429437521051,m4_cross_resid
1.4428376976770099,0.1484718572370027,0.9999157965644998,m4_cross_resid
1.575259885014466,0.19812761865615913,0.7894072078140788,m4_cross_resid
1.3015037201287594,0.029352140291428745,0.10525429437521051,m4_cross_resid
1.0797570931070763,-0.3730170913767589,0.6841529134388683,m4_cross_base
1.0984386828759773,0.26494749248511795,0.8946615021892893,m4_cross_base
1.1329849843466921,-0.782855359538189,0.21050858875042103,m4_cross_base
0.7253775276224452,-0.14504814253099205,0.05262714718760526,m4_cross_base
0.843380520330982,-0.5361430801483706,0.05262714718760526,m4_cross_base
1.297706459454537,0.7295774827208269,1.0,m4_cross_base
1.2515812667780222,-0.22300775587415875,0.8420343550016841,m4_cross_base
0.7952027636698107,-0.2246165522025969,0.3683900303132368,m4_cross_base
0.8352829429257168,0.31749890552377336,0.5788986190636578,m4_cross_base
0.9383030550799357,0.2171357845187061,0.8946615021892893,m4_cross_base
-0.7332470258700425,0.04134061942599098,0.4736443246884473,m4_cross_base
-0.8406497552021588,0.4516202904031099,0.05262714718760526,m4_cross_base
-0.5249247526102359,0.226809566952321,0.26313573593802625,m4_cross_base
-0.4716747050451525,0.03968284408386399,0.4736443246884473,m4_cross_base
-0.6885664445078334,-0.47736347185539785,0.42101717750084205,m4_cross_base
-0.6553509392761764,-0.3430479756029116,0.26313573593802625,m4_cross_base
-0.4024377235073876,-0.2545861231435712,0.6841529134388683,m4_cross_base
-0.6787301648866748,0.16330821550998556,0.7894072078140788,m4_cross_base
-0.9215322000272462,-0.016838941886082908,0.15788144156281575,m4_cross_base
-1.2087064164796042,0.14520971584110715,0.05262714718760526,m4_cross_base
1.803609881946402,0.4145739873017485,0.7894072078140788,m4_cross_base
1.676086614783183,0.010909313108349288,0.10525429437521051,m4_cross_base
1.931514805320914,0.3291766355452365,0.26313573593802625,m4_cross_base
1.845026962757862,-0.29056700506052874,0.26313573593802625,m4_cross_base
1.9686701117955665,-0.010335319134529702,0.5262714718760525,m4_cross_base
2.0798500001397784,0.11212268694376401,0.5788986190636578,m4_cross_base
1.5405836249610527,-0.3026530269504131,0.26313573593802625,m4_cross_base
2.1928083651076857,-0.04647641610258812,0.9472886493768946,m4_cross_base
2.07618461205749,-0.183877489192685,0.05262714718760526,m4_cross_base
1.609404623985345,0.02988459150253256,0.21050858875042103,m4_cross_base
0.551292869127132,0.0531640649586671,0.05262714718760526,m4_cross_base
0.6045083694026057,0.743828590297681,0.05262714718760526,m4_cross_base
0.8441195876526248,0.562129256426731,0.9999157965644998,m4_cross_base
0.6667702669219794,0.07659156616191705,0.05262714718760526,m4_cross_base
0.6533383002871344,0.33052731031675936,0.7894072078140788,m4_cross_base
0.9392438592166312,0.006327439360719403,0.6841529134388683,m4_cross_base
1.036196719902125,0.18254057370765242,0.9999157965644998,m4_cross_base
0.34242884134298923,-0.361264873911704,0.4736443246884473,m4_cross_base
0.654650833324547,-0.10893328973400784,0.05262714718760526,m4_cross_base
0.42547087303577397,0.036426841466414436,0.15788144156281575,m4_cross_base
1.3775823477577498,0.24865015714546937,0.7894072078140788,m4_cross_base
1.609320108003296,0.3479394419498999,0.7367800606264736,m4_cross_base
1.5141023449660065,-0.38290000522365975,0.4736443246884473,m4_cross_base
1.4384123945662557,-0.32372997937096354,0.5788986190636578,m4_cross_base
1.6031426535228699,0.53082890834931,0.8420343550016841,m4_cross_base
1.5863520183425326,0.36678065189698544,0.9472886493768946,m4_cross_base
1.2872503999384104,0.6128906801113427,0.10525429437521051,m4_cross_base
1.7962559827545401,0.7032450308272351,0.9999157965644998,m4_cross_base
1.2832506420670833,0.43044276462759906,0.15788144156281575,m4_cross_base
1.3707515372306358,0.11285611733578985,0.10525429437521051,m4_cross_base
1.1484094317630127,1.069001142527921,0.15788144156281575,m4_single_resid
1.6872208263868638,0.6276655276043421,0.10525429437521051,m4_single_resid
1.7522598655867037,-1.3931494671407454,0.5788986190636578,m4_single_resid
1.2772021823462298,-0.28347383260796316,0.05262714718760526,m4_single_resid
1.2797960201752314,-0.015167445456015009,0.05262714718760526,m4_single_resid
1.177763724332199,0.5712102656181287,0.21050858875042103,m4_single_resid
1.5795626606642887,-0.9356541688101303,0.5262714718760525,m4_single_resid
2.085063486338118,-0.5597360101521968,0.3683900303132368,m4_single_resid
1.4055107126907262,-0.6104471206427066,0.4736443246884473,m4_single_resid
1.5663162095317238,-1.0759871924955149,0.42101717750084205,m4_single_resid
-0.2716908091019395,-0.34595694097115953,0.05262714718760526,m4_single_resid
0.7972454624657039,-0.93800884179936,0.4736443246884473,m4_single_resid
0.8844575422187283,-0.26258633673995346,0.5788986190636578,m4_single_resid
0.4337504517744286,-0.2446620028309923,0.3683900303132368,m4_single_resid
0.20858889359720456,-0.6416751107929302,0.631525766251263,m4_single_resid
0.575313249037145,0.8411876011215113,0.05262714718760526,m4_single_resid
0.9962243637045937,0.1385145976261091,0.631525766251263,m4_single_resid
0.08705227216867648,0.9766803525758978,0.10525429437521051,m4_single_resid
0.6699688833335515,0.7535695410322251,0.6841529134388683,m4_single_resid
-0.27372813649173383,0.8579554422820601,0.8946615021892893,m4_single_resid
1.3545113315684292,0.03644259456479191,0.10525429437521051,m4_single_resid
1.7029933866387839,0.3373574000161385,0.7367800606264736,m4_single_resid
1.7676501571513037,0.41314320301605234,0.8420343550016841,m4_single_resid
1.2239595270400754,0.03879398908585205,0.10525429437521051,m4_single_resid
1.4846240599729503,1.2123552476893538,1.0,m4_single_resid
1.3721787567990782,-0.5364963719791922,0.5788986190636578,m4_single_resid
1.85242344584628,0.3721687992169967,0.8420343550016841,m4_single_resid
1.6106704095735307,-0.49560316072375776,0.3683900303132368,m4_single_resid
1.4054619192180469,-0.1655624570625833,0.21050858875042103,m4_single_resid
1.9359134977902117,0.3818957885236356,0.7367800606264736,m4_single_resid
0.5166988077826408,-0.7747219031749094,0.42101717750084205,m4_single_resid
0.6053518841321961,-1.7829088583360222,0.631525766251263,m4_single_resid
0.6948531679463682,0.876569286597391,1.0,m4_single_resid
0.7276934873274488,0.46082143532917097,0.05262714718760526,m4_single_resid
1.1102203559314405,0.7385372618894991,0.7894072078140788,m4_single_resid
0.9381365867081787,0.4054637530642506,0.7367800606264736,m4_single_resid
0.25325815721247896,1.432730024807745,0.05262714718760526,m4_single_resid
0.4537515091140607,-0.7510213679215771,0.05262714718760526,m4_single_resid
0.7847275649534352,0.2642336120552175,0.05262714718760526,m4_single_resid
0.3877139347023107,0.6116120334566245,0.15788144156281575,m4_single_resid
0.9808638650601816,-0.006475181488471888,0.05262714718760526,m4_single_resid
0.8342355202947442,1.6600693934405681,0.15788144156281575,m4_single_resid
0.4227230350879454,0.9086842128344371,0.15788144156281575,m4_single_resid
0.6034671257571743,-0.23492894302786155,0.15788144156281575,m4_single_resid
1.1448201040798713,1.7086211487084417,0.15788144156281575,m4_single_resid
1.0293952113066762,-0.3095099816561323,0.5262714718760525,m4_single_resid
1.0203386811343769,0.28895032190720676,0.42101717750084205,m4_single_resid
0.9433403050048409,0.7392656853081251,0.3683900303132368,m4_single_resid
0.970229666327065,-1.257511945966716,0.3157628831256315,m4_single_resid
0.8454774853030134,-0.1330403444737114,0.7894072078140788,m4_single_resid
1.4091633760412432,0.48745729168750973,0.9999157965644998,m4_cross_resid_transformer
1.3270467673263995,0.20523971383130357,0.21050858875042103,m4_cross_resid_transformer
1.0169484312497015,0.5727079542204675,0.8946615021892893,m4_cross_resid_transformer
1.1135421594912058,0.10352643222521099,0.10525429437521051,m4_cross_resid_transformer
1.301219996802544,0.46788811673943165,1.0,m4_cross_resid_transformer
1.2002317573286387,0.12740879596500715,0.05262714718760526,m4_cross_resid_transformer
1.2769903312609725,0.3306992015902158,0.8946615021892893,m4_cross_resid_transformer
1.2910209872540481,0.1625609750624902,0.4736443246884473,m4_cross_resid_transformer
1.4126149422271883,0.010053030647884634,0.5262714718760525,m4_cross_resid_transformer
1.3635128590006609,0.02068152926581852,0.15788144156281575,m4_cross_resid_transformer
-0.9042016172971419,0.39571542164096446,0.05262714718760526,m4_cross_resid_transformer
-0.42452568772945476,-0.15563023449474037,0.10525429437521051,m4_cross_resid_transformer
-0.4376343363610909,0.06328091685121981,0.15788144156281575,m4_cross_resid_transformer
-0.989470850900585,0.3843327595886471,0.10525429437521051,m4_cross_resid_transformer
-0.7250682034505757,-0.01674327442822114,0.26313573593802625,m4_cross_resid_transformer
-0.27650618150565953,-0.21726847023972062,0.5788986190636578,m4_cross_resid_transformer
-0.4224505732112887,0.3537893222192473,1.0,m4_cross_resid_transformer
-0.47761444923692886,0.22071679537636407,0.10525429437521051,m4_cross_resid_transformer
-0.4174495696238038,-0.1134759087660355,0.3157628831256315,m4_cross_resid_transformer
-0.540927903556189,-0.13662378978876,0.05262714718760526,m4_cross_resid_transformer
2.626114674994103,0.018684656956413186,0.10525429437521051,m4_cross_resid_transformer
2.4726432760100954,-0.15321267391332216,0.3683900303132368,m4_cross_resid_transformer
2.559093298757955,-0.11410011638725438,0.5262714718760525,m4_cross_resid_transformer
2.341882822485238,0.07094447322227133,0.42101717750084205,m4_cross_resid_transformer
2.5548284879165295,0.17500372201810976,0.8420343550016841,m4_cross_resid_transformer
2.5048222383956773,0.34395172826788345,0.9472886493768946,m4_cross_resid_transformer
2.564656065717771,0.20023890075004133,0.7894072078140788,m4_cross_resid_transformer
2.564311599316507,-0.06604678470132938,0.10525429437521051,m4_cross_resid_transformer
2.612232633487573,-0.04748654246411734,0.631525766251263,m4_cross_resid_transformer
2.7395935623015895,0.3953632148340496,0.3683900303132368,m4_cross_resid_transformer
1.2026081698292361,0.5772072156284589,0.15788144156281575,m4_cross_resid_transformer
1.0347841584985036,0.12262361426193057,0.8420343550016841,m4_cross_resid_transformer
0.9543020834190353,0.1981233686057146,0.4736443246884473,m4_cross_resid_transformer
0.9500785326436156,0.04319666550740097,0.7894072078140788,m4_cross_resid_transformer
1.0834322437808221,0.4628185347446745,0.8420343550016841,m4_cross_resid_transformer
1.0494778334461217,0.14072952092581592,0.6841529134388683,m4_cross_resid_transformer
1.1267279746370582,0.19450989800555282,0.21050858875042103,m4_cross_resid_transformer
1.203196725113887,0.03079300089699825,0.3683900303132368,m4_cross_resid_transformer
1.1889204989249185,0.27331617328067254,0.8946615021892893,m4_cross_resid_transformer
1.0703760256277368,0.3426853155023977,0.15788144156281575,m4_cross_resid_transformer
1.8518469578996708,-0.057621225129738836,0.15788144156281575,m4_cross_resid_transformer
1.792918714474674,-0.04719663422914383,0.4736443246884473,m4_cross_resid_transformer
1.5048000880954404,-0.20091662758847414,0.5262714718760525,m4_cross_resid_transformer
1.7371859715663398,0.23866136818030662,0.8946615021892893,m4_cross_resid_transformer
1.7348384094899059,0.3556932854142827,1.0,m4_cross_resid_transformer
1.6015739309213333,-0.11137265296346241,0.10525429437521051,m4_cross_resid_transformer
1.6569798198357488,0.24531517578592554,0.10525429437521051,m4_cross_resid_transformer
1.8527779868035759,0.054748559432750345,0.26313573593802625,m4_cross_resid_transformer
1.7015352660896725,0.14315667531079493,0.21050858875042103,m4_cross_resid_transformer
1.8459695078817604,-0.001450309471569868,0.10525429437521051,m4_cross_resid_transformer
