timestamp,config,config_hash,code_hash,world,seed,agent_sharpe,agent_sharpe_gross,agent_turnover,bh_sharpe,oracle_sharpe,oracle_turnover,output_dir
20261007-002804,v2_R0prime,23d34bba0da5,4ba2ed4f39c8,W-null,0,0.5527912126225805,0.6568137932632417,7.608173076923077,0.6959240011896217,0.6959240011896217,0.05,experiments/runs/synthetic/20261007-002804_syn_v2_R0prime_23d34bba0da5/W-null_s0
20261007-002804,v2_R0prime,23d34bba0da5,4ba2ed4f39c8,W-null,1,0.5102401687196457,0.6653559018354216,13.174038461538458,0.6131451693782883,0.6131451693782883,0.05,experiments/runs/synthetic/20261007-002804_syn_v2_R0prime_23d34bba0da5/W-null_s1
20261007-002804,v2_R0prime,23d34bba0da5,4ba2ed4f39c8,W-null,2,0.3624092944724164,0.5130755405230477,10.803846153846154,0.546538694040827,0.546538694040827,0.05,experiments/runs/synthetic/20261007-002804_syn_v2_R0prime_23d34bba0da5/W-null_s2
20261007-002804,v2_R0prime,23d34bba0da5,4ba2ed4f39c8,W-null,3,0.11088991747170238,0.5145460310460508,31.54951923076923,0.5763208756846188,0.5763208756846188,0.05,experiments/runs/synthetic/20261007-002804_syn_v2_R0prime_23d34bba0da5/W-null_s3
20261007-002804,v2_R0prime,23d34bba0da5,4ba2ed4f39c8,W-null,4,0.5389671560694158,0.6242606231451184,9.07548076923077,0.6348507092575435,0.6348507092575435,0.05,experiments/runs/synthetic/20261007-002804_syn_v2_R0prime_23d34bba0da5/W-null_s4
20261007-002804,v2_R0prime,23d34bba0da5,4ba2ed4f39c8,W-vol,0,0.600738285693822,0.7173638423989072,11.371634615384615,0.6946329043026435,0.7789011565426762,6.1000000000000005,experiments/runs/synthetic/20261007-002804_syn_v2_R0prime_23d34bba0da5/W-vol_s0
20261007-002804,v2_R0prime,23d34bba0da5,4ba2ed4f39c8,W-vol,1,0.5371817845121274,0.5879911742867056,4.709134615384615,0.509197407279606,0.8607231089198386,5.4,experiments/runs/synthetic/20261007-002804_syn_v2_R0prime_23d34bba0da5/W-vol_s1
20261007-002804,v2_R0prime,23d34bba0da5,4ba2ed4f39c8,W-vol,2,0.7071281139351467,0.7751648811683951,2.5269230769230773,0.7631179328962211,0.9796096287414333,6.1000000000000005,experiments/runs/synthetic/20261007-002804_syn_v2_R0prime_23d34bba0da5/W-vol_s2
20261007-002804,v2_R0prime,23d34bba0da5,4ba2ed4f39c8,W-vol,3,0.2386760512318604,0.6178062412769586,31.08413461538462,0.7521029293457645,0.9371624553005907,6.375,experiments/runs/synthetic/20261007-002804_syn_v2_R0prime_23d34bba0da5/W-vol_s3
20261007-002804,v2_R0prime,23d34bba0da5,4ba2ed4f39c8,W-vol,4,0.5258817701271548,0.6610378573654019,13.566826923076922,0.6610017199320793,0.5933899891267758,6.6375,experiments/runs/synthetic/20261007-002804_syn_v2_R0prime_23d34bba0da5/W-vol_s4
20261007-002804,v2_R0prime,23d34bba0da5,4ba2ed4f39c8,W-regime,0,0.4041387709294241,0.6615999056820121,21.96778846153846,0.541405634163167,0.7294587385374407,5.9,experiments/runs/synthetic/20261007-002804_syn_v2_R0prime_23d34bba0da5/W-regime_s0
20261007-002804,v2_R0prime,23d34bba0da5,4ba2ed4f39c8,W-regime,1,0.42050517655485564,0.6159893894746133,19.565384615384612,0.5934218089724476,0.696845469335995,5.550000000000001,experiments/runs/synthetic/20261007-002804_syn_v2_R0prime_23d34bba0da5/W-regime_s1
20261007-002804,v2_R0prime,23d34bba0da5,4ba2ed4f39c8,W-regime,2,0.7989644116417739,0.8775741072600545,8.3625,0.7807394386659908,1.193656084420942,6.8500000000000005,experiments/runs/synthetic/20261007-002804_syn_v2_R0prime_23d34bba0da5/W-regime_s2
20261007-002804,v2_R0prime,23d34bba0da5,4ba2ed4f39c8,W-regime,3,-0.20571154935478078,0.24495500907456275,38.64230769230769,0.5020597650029837,1.4333133789657801,6.15,experiments/runs/synthetic/20261007-002804_syn_v2_R0prime_23d34bba0da5/W-regime_s3
20261007-002804,v2_R0prime,23d34bba0da5,4ba2ed4f39c8,W-regime,4,0.502846431547477,0.7176653595574606,20.596153846153847,0.6758841756853415,1.0401688199756487,6.2875000000000005,experiments/runs/synthetic/20261007-002804_syn_v2_R0prime_23d34bba0da5/W-regime_s4
20261007-004459,v2_V1,c7e0cd7552c3,4ba2ed4f39c8,W-null,0,0.6184010835321693,0.685770137668469,7.735096153846153,0.6959240011896217,0.6959240011896217,0.05,experiments/runs/synthetic/20261007-004459_syn_v2_V1_c7e0cd7552c3/W-null_s0
20261007-004459,v2_V1,c7e0cd7552c3,4ba2ed4f39c8,W-null,1,0.6130632374535145,0.6138753389048479,0.10673076923076924,0.6131451693782883,0.6131451693782883,0.05,experiments/runs/synthetic/20261007-004459_syn_v2_V1_c7e0cd7552c3/W-null_s1
20261007-004459,v2_V1,c7e0cd7552c3,4ba2ed4f39c8,W-null,2,0.5421755592181862,0.5432462636900227,0.11442307692307692,0.546538694040827,0.546538694040827,0.05,experiments/runs/synthetic/20261007-004459_syn_v2_V1_c7e0cd7552c3/W-null_s2
20261007-004459,v2_V1,c7e0cd7552c3,4ba2ed4f39c8,W-null,3,0.5437120900435248,0.5697377780315068,2.7644230769230766,0.5763208756846188,0.5763208756846188,0.05,experiments/runs/synthetic/20261007-004459_syn_v2_V1_c7e0cd7552c3/W-null_s3
20261007-004459,v2_V1,c7e0cd7552c3,4ba2ed4f39c8,W-null,4,0.6339804794728381,0.6346496154868804,0.08173076923076923,0.6348507092575435,0.6348507092575435,0.05,experiments/runs/synthetic/20261007-004459_syn_v2_V1_c7e0cd7552c3/W-null_s4
20261007-004459,v2_V1,c7e0cd7552c3,4ba2ed4f39c8,W-vol,0,0.5484723212442014,0.6876892808279765,15.602403846153845,0.6946329043026435,0.7789011565426762,6.1000000000000005,experiments/runs/synthetic/20261007-004459_syn_v2_V1_c7e0cd7552c3/W-vol_s0
20261007-004459,v2_V1,c7e0cd7552c3,4ba2ed4f39c8,W-vol,1,0.5107588688963752,0.511166431762005,0.05192307692307693,0.509197407279606,0.8607231089198386,5.4,experiments/runs/synthetic/20261007-004459_syn_v2_V1_c7e0cd7552c3/W-vol_s1
20261007-004459,v2_V1,c7e0cd7552c3,4ba2ed4f39c8,W-vol,2,0.7605848211650506,0.7615109121690464,0.10096153846153849,0.7631179328962211,0.9796096287414333,6.1000000000000005,experiments/runs/synthetic/20261007-004459_syn_v2_V1_c7e0cd7552c3/W-vol_s2
20261007-004459,v2_V1,c7e0cd7552c3,4ba2ed4f39c8,W-vol,3,0.6435848975832608,0.7460562445138823,10.421153846153846,0.7521029293457645,0.9371624553005907,6.375,experiments/runs/synthetic/20261007-004459_syn_v2_V1_c7e0cd7552c3/W-vol_s3
20261007-004459,v2_V1,c7e0cd7552c3,4ba2ed4f39c8,W-vol,4,0.6610017199320793,0.6614090288061915,0.05,0.6610017199320793,0.5933899891267758,6.6375,experiments/runs/synthetic/20261007-004459_syn_v2_V1_c7e0cd7552c3/W-vol_s4
20261007-004459,v2_V1,c7e0cd7552c3,4ba2ed4f39c8,W-regime,0,0.5972727857831909,0.6468107132583164,5.578846153846154,0.541405634163167,0.7294587385374407,5.9,experiments/runs/synthetic/20261007-004459_syn_v2_V1_c7e0cd7552c3/W-regime_s0
20261007-004459,v2_V1,c7e0cd7552c3,4ba2ed4f39c8,W-regime,1,0.5916593078916114,0.593250756017106,0.1875,0.5934218089724476,0.696845469335995,5.550000000000001,experiments/runs/synthetic/20261007-004459_syn_v2_V1_c7e0cd7552c3/W-regime_s1
20261007-004459,v2_V1,c7e0cd7552c3,4ba2ed4f39c8,W-regime,2,0.7786521019460928,0.7802256314747142,0.19038461538461537,0.7807394386659908,1.193656084420942,6.8500000000000005,experiments/runs/synthetic/20261007-004459_syn_v2_V1_c7e0cd7552c3/W-regime_s2
20261007-004459,v2_V1,c7e0cd7552c3,4ba2ed4f39c8,W-regime,3,0.5073689601827894,0.5136302690682346,0.7721153846153845,0.5020597650029837,1.4333133789657801,6.15,experiments/runs/synthetic/20261007-004459_syn_v2_V1_c7e0cd7552c3/W-regime_s3
20261007-004459,v2_V1,c7e0cd7552c3,4ba2ed4f39c8,W-regime,4,0.6765194307988045,0.6771147742992017,0.07115384615384616,0.6758841756853415,1.0401688199756487,6.2875000000000005,experiments/runs/synthetic/20261007-004459_syn_v2_V1_c7e0cd7552c3/W-regime_s4
20261007-010409,v2_V1_mse_n20,b605a9e0fcc1,92b30c69be3a,W-null,0,0.6959240011896217,0.696303238704093,0.05,0.6959240011896217,0.6959240011896217,0.05,experiments/runs/synthetic/20261007-010409_syn_v2_V1_mse_n20_b605a9e0fcc1/W-null_s0
20261007-010409,v2_V1_mse_n20,b605a9e0fcc1,92b30c69be3a,W-null,1,0.6131451693782883,0.613536504643378,0.05,0.6131451693782883,0.6131451693782883,0.05,experiments/runs/synthetic/20261007-010409_syn_v2_V1_mse_n20_b605a9e0fcc1/W-null_s1
20261007-010409,v2_V1_mse_n20,b605a9e0fcc1,92b30c69be3a,W-null,2,0.546538694040827,0.546986733613962,0.05,0.546538694040827,0.546538694040827,0.05,experiments/runs/synthetic/20261007-010409_syn_v2_V1_mse_n20_b605a9e0fcc1/W-null_s2
20261007-010409,v2_V1_mse_n20,b605a9e0fcc1,92b30c69be3a,W-null,3,0.3223518918772275,0.5119417678228845,19.544230769230765,0.5763208756846188,0.5763208756846188,0.05,experiments/runs/synthetic/20261007-010409_syn_v2_V1_mse_n20_b605a9e0fcc1/W-null_s3
20261007-010409,v2_V1_mse_n20,b605a9e0fcc1,92b30c69be3a,W-null,4,0.6348507092575435,0.6352523496352531,0.05,0.6348507092575435,0.6348507092575435,0.05,experiments/runs/synthetic/20261007-010409_syn_v2_V1_mse_n20_b605a9e0fcc1/W-null_s4
20261007-010409,v2_V1_mse_n20,b605a9e0fcc1,92b30c69be3a,W-vol,0,0.6916889020617244,0.6945807652270556,0.36153846153846153,0.6946329043026435,0.7789011565426762,6.1000000000000005,experiments/runs/synthetic/20261007-010409_syn_v2_V1_mse_n20_b605a9e0fcc1/W-vol_s0
20261007-010409,v2_V1_mse_n20,b605a9e0fcc1,92b30c69be3a,W-vol,1,0.509197407279606,0.509592325233819,0.05,0.509197407279606,0.8607231089198386,5.4,experiments/runs/synthetic/20261007-010409_syn_v2_V1_mse_n20_b605a9e0fcc1/W-vol_s1
20261007-010409,v2_V1_mse_n20,b605a9e0fcc1,92b30c69be3a,W-vol,2,0.6847201490415958,0.7496798887661711,6.670192307692307,0.7631179328962211,0.9796096287414333,6.1000000000000005,experiments/runs/synthetic/20261007-010409_syn_v2_V1_mse_n20_b605a9e0fcc1/W-vol_s2
20261007-010409,v2_V1_mse_n20,b605a9e0fcc1,92b30c69be3a,W-vol,3,0.7511601806849996,0.7530222788848616,0.2,0.7521029293457645,0.9371624553005907,6.375,experiments/runs/synthetic/20261007-010409_syn_v2_V1_mse_n20_b605a9e0fcc1/W-vol_s3
20261007-010409,v2_V1_mse_n20,b605a9e0fcc1,92b30c69be3a,W-vol,4,0.6610017199320793,0.6614090288061915,0.05,0.6610017199320793,0.5933899891267758,6.6375,experiments/runs/synthetic/20261007-010409_syn_v2_V1_mse_n20_b605a9e0fcc1/W-vol_s4
20261007-010409,v2_V1_mse_n20,b605a9e0fcc1,92b30c69be3a,W-regime,0,0.7056225778154042,0.9854066097095244,24.129807692307693,0.541405634163167,0.7294587385374407,5.9,experiments/runs/synthetic/20261007-010409_syn_v2_V1_mse_n20_b605a9e0fcc1/W-regime_s0
20261007-010409,v2_V1_mse_n20,b605a9e0fcc1,92b30c69be3a,W-regime,1,0.5977630588938907,0.5995408725425806,0.20769230769230773,0.5934218089724476,0.696845469335995,5.550000000000001,experiments/runs/synthetic/20261007-010409_syn_v2_V1_mse_n20_b605a9e0fcc1/W-regime_s1
20261007-010409,v2_V1_mse_n20,b605a9e0fcc1,92b30c69be3a,W-regime,2,0.9458578816113659,1.0802778920240979,13.733653846153844,0.7807394386659908,1.193656084420942,6.8500000000000005,experiments/runs/synthetic/20261007-010409_syn_v2_V1_mse_n20_b605a9e0fcc1/W-regime_s2
20261007-010409,v2_V1_mse_n20,b605a9e0fcc1,92b30c69be3a,W-regime,3,0.7848377114055551,0.9002931545696201,12.352884615384616,0.5020597650029837,1.4333133789657801,6.15,experiments/runs/synthetic/20261007-010409_syn_v2_V1_mse_n20_b605a9e0fcc1/W-regime_s3
20261007-010409,v2_V1_mse_n20,b605a9e0fcc1,92b30c69be3a,W-regime,4,0.866752894478138,0.9358754390917411,7.468269230769232,0.6758841756853415,1.0401688199756487,6.2875000000000005,experiments/runs/synthetic/20261007-010409_syn_v2_V1_mse_n20_b605a9e0fcc1/W-regime_s4
20261007-011742,v2_V1_mse,9478638256fd,afd76b0458fb,W-null,0,0.5731145439767765,0.6784633129352513,11.742788461538462,0.6959240011896217,0.6959240011896217,0.05,experiments/runs/synthetic/20261007-011742_syn_v2_V1_mse_9478638256fd/W-null_s0
20261007-011742,v2_V1_mse,9478638256fd,afd76b0458fb,W-null,1,0.614503103170243,0.6150436627439498,0.07019230769230769,0.6131451693782883,0.6131451693782883,0.05,experiments/runs/synthetic/20261007-011742_syn_v2_V1_mse_9478638256fd/W-null_s1
20261007-011742,v2_V1_mse,9478638256fd,afd76b0458fb,W-null,2,0.5403191078730765,0.5438283247411608,0.3682692307692308,0.546538694040827,0.546538694040827,0.05,experiments/runs/synthetic/20261007-011742_syn_v2_V1_mse_9478638256fd/W-null_s2
20261007-011742,v2_V1_mse,9478638256fd,afd76b0458fb,W-null,3,0.5751571393817873,0.5802193174381247,0.5451923076923076,0.5763208756846188,0.5763208756846188,0.05,experiments/runs/synthetic/20261007-011742_syn_v2_V1_mse_9478638256fd/W-null_s3
20261007-011742,v2_V1_mse,9478638256fd,afd76b0458fb,W-null,4,0.6348507092575435,0.6352523496352531,0.05,0.6348507092575435,0.6348507092575435,0.05,experiments/runs/synthetic/20261007-011742_syn_v2_V1_mse_9478638256fd/W-null_s4
20261007-011742,v2_V1_mse,9478638256fd,afd76b0458fb,W-vol,0,0.6933927583739289,0.6937785387750103,0.05,0.6946329043026435,0.7789011565426762,6.1000000000000005,experiments/runs/synthetic/20261007-011742_syn_v2_V1_mse_9478638256fd/W-vol_s0
20261007-011742,v2_V1_mse,9478638256fd,afd76b0458fb,W-vol,1,0.5084137676130434,0.5090028262357258,0.07596153846153848,0.509197407279606,0.8607231089198386,5.4,experiments/runs/synthetic/20261007-011742_syn_v2_V1_mse_9478638256fd/W-vol_s1
20261007-011742,v2_V1_mse,9478638256fd,afd76b0458fb,W-vol,2,0.7619079318082556,0.7624395324026794,0.05961538461538462,0.7631179328962211,0.9796096287414333,6.1000000000000005,experiments/runs/synthetic/20261007-011742_syn_v2_V1_mse_9478638256fd/W-vol_s2
20261007-011742,v2_V1_mse,9478638256fd,afd76b0458fb,W-vol,3,0.7401012937164548,0.7511350827132912,1.1826923076923077,0.7521029293457645,0.9371624553005907,6.375,experiments/runs/synthetic/20261007-011742_syn_v2_V1_mse_9478638256fd/W-vol_s3
20261007-011742,v2_V1_mse,9478638256fd,afd76b0458fb,W-vol,4,0.6607600812838809,0.661200146802637,0.053846153846153856,0.6610017199320793,0.5933899891267758,6.6375,experiments/runs/synthetic/20261007-011742_syn_v2_V1_mse_9478638256fd/W-vol_s4
20261007-011742,v2_V1_mse,9478638256fd,afd76b0458fb,W-regime,0,0.3893256478086691,0.5639702005810279,18.508653846153848,0.541405634163167,0.7294587385374407,5.9,experiments/runs/synthetic/20261007-011742_syn_v2_V1_mse_9478638256fd/W-regime_s0
20261007-011742,v2_V1_mse,9478638256fd,afd76b0458fb,W-regime,1,0.5475659327350937,0.588145586283136,4.6375,0.5934218089724476,0.696845469335995,5.550000000000001,experiments/runs/synthetic/20261007-011742_syn_v2_V1_mse_9478638256fd/W-regime_s1
20261007-011742,v2_V1_mse,9478638256fd,afd76b0458fb,W-regime,2,0.7716000297984498,0.7786068726538037,0.8355769230769232,0.7807394386659908,1.193656084420942,6.8500000000000005,experiments/runs/synthetic/20261007-011742_syn_v2_V1_mse_9478638256fd/W-regime_s2
20261007-011742,v2_V1_mse,9478638256fd,afd76b0458fb,W-regime,3,0.6081893326607495,0.6287606489267531,2.4336538461538457,0.5020597650029837,1.4333133789657801,6.15,experiments/runs/synthetic/20261007-011742_syn_v2_V1_mse_9478638256fd/W-regime_s3
20261007-011742,v2_V1_mse,9478638256fd,afd76b0458fb,W-regime,4,0.675951300429926,0.6764404274889602,0.05865384615384616,0.6758841756853415,1.0401688199756487,6.2875000000000005,experiments/runs/synthetic/20261007-011742_syn_v2_V1_mse_9478638256fd/W-regime_s4
20261007-013158,v2_V1_n20,015d209b013e,afd76b0458fb,W-null,0,0.6925838828629259,0.6945533691223212,0.24711538461538463,0.6959240011896217,0.6959240011896217,0.05,experiments/runs/synthetic/20261007-013158_syn_v2_V1_n20_015d209b013e/W-null_s0
20261007-013158,v2_V1_n20,015d209b013e,afd76b0458fb,W-null,1,0.6131451693782883,0.613536504643378,0.05,0.6131451693782883,0.6131451693782883,0.05,experiments/runs/synthetic/20261007-013158_syn_v2_V1_n20_015d209b013e/W-null_s1
20261007-013158,v2_V1_n20,015d209b013e,afd76b0458fb,W-null,2,0.5463792739091484,0.5469378509960434,0.06153846153846154,0.546538694040827,0.546538694040827,0.05,experiments/runs/synthetic/20261007-013158_syn_v2_V1_n20_015d209b013e/W-null_s2
20261007-013158,v2_V1_n20,015d209b013e,afd76b0458fb,W-null,3,0.5165543302043122,0.562037033203164,4.897115384615384,0.5763208756846188,0.5763208756846188,0.05,experiments/runs/synthetic/20261007-013158_syn_v2_V1_n20_015d209b013e/W-null_s3
20261007-013158,v2_V1_n20,015d209b013e,afd76b0458fb,W-null,4,0.6348507092575435,0.6352523496352531,0.05,0.6348507092575435,0.6348507092575435,0.05,experiments/runs/synthetic/20261007-013158_syn_v2_V1_n20_015d209b013e/W-null_s4
20261007-013158,v2_V1_n20,015d209b013e,afd76b0458fb,W-vol,0,0.6959352620142621,0.7231005170003223,3.0500000000000003,0.6946329043026435,0.7789011565426762,6.1000000000000005,experiments/runs/synthetic/20261007-013158_syn_v2_V1_n20_015d209b013e/W-vol_s0
20261007-013158,v2_V1_n20,015d209b013e,afd76b0458fb,W-vol,1,0.509197407279606,0.509592325233819,0.05,0.509197407279606,0.8607231089198386,5.4,experiments/runs/synthetic/20261007-013158_syn_v2_V1_n20_015d209b013e/W-vol_s1
20261007-013158,v2_V1_n20,015d209b013e,afd76b0458fb,W-vol,2,0.7614760337354797,0.7628027753146779,0.14326923076923082,0.7631179328962211,0.9796096287414333,6.1000000000000005,experiments/runs/synthetic/20261007-013158_syn_v2_V1_n20_015d209b013e/W-vol_s2
20261007-013158,v2_V1_n20,015d209b013e,afd76b0458fb,W-vol,3,0.7485216686485907,0.7509692582596832,0.2634615384615385,0.7521029293457645,0.9371624553005907,6.375,experiments/runs/synthetic/20261007-013158_syn_v2_V1_n20_015d209b013e/W-vol_s3
20261007-013158,v2_V1_n20,015d209b013e,afd76b0458fb,W-vol,4,0.6610017199320793,0.6614090288061915,0.05,0.6610017199320793,0.5933899891267758,6.6375,experiments/runs/synthetic/20261007-013158_syn_v2_V1_n20_015d209b013e/W-vol_s4
20261007-013158,v2_V1_n20,015d209b013e,afd76b0458fb,W-regime,0,0.5911255252707728,0.6937816473784499,11.484615384615385,0.541405634163167,0.7294587385374407,5.9,experiments/runs/synthetic/20261007-013158_syn_v2_V1_n20_015d209b013e/W-regime_s0
20261007-013158,v2_V1_n20,015d209b013e,afd76b0458fb,W-regime,1,0.5988991294188434,0.6031803467181606,0.5009615384615385,0.5934218089724476,0.696845469335995,5.550000000000001,experiments/runs/synthetic/20261007-013158_syn_v2_V1_n20_015d209b013e/W-regime_s1
20261007-013158,v2_V1_n20,015d209b013e,afd76b0458fb,W-regime,2,0.7807394386659908,0.7811339801723379,0.05,0.7807394386659908,1.193656084420942,6.8500000000000005,experiments/runs/synthetic/20261007-013158_syn_v2_V1_n20_015d209b013e/W-regime_s2
20261007-013158,v2_V1_n20,015d209b013e,afd76b0458fb,W-regime,3,0.8397179825612495,0.9615058694852746,12.68076923076923,0.5020597650029837,1.4333133789657801,6.15,experiments/runs/synthetic/20261007-013158_syn_v2_V1_n20_015d209b013e/W-regime_s3
20261007-013158,v2_V1_n20,015d209b013e,afd76b0458fb,W-regime,4,0.8353876603823102,0.8796416525204597,4.865384615384617,0.6758841756853415,1.0401688199756487,6.2875000000000005,experiments/runs/synthetic/20261007-013158_syn_v2_V1_n20_015d209b013e/W-regime_s4
20261007-014611,v2_V1_eta0,8a98f7991cf4,d3e1d8f650a1,W-null,0,0.6153664696252132,0.7072531519171728,9.774038461538462,0.6959240011896217,0.6959240011896217,0.05,experiments/runs/synthetic/20261007-014611_syn_v2_V1_eta0_8a98f7991cf4/W-null_s0
20261007-014611,v2_V1_eta0,8a98f7991cf4,d3e1d8f650a1,W-null,1,0.6151066641751569,0.6166316680190671,0.19903846153846155,0.6131451693782883,0.6131451693782883,0.05,experiments/runs/synthetic/20261007-014611_syn_v2_V1_eta0_8a98f7991cf4/W-null_s1
20261007-014611,v2_V1_eta0,8a98f7991cf4,d3e1d8f650a1,W-null,2,0.5405151577597905,0.5434825682194975,0.31153846153846154,0.546538694040827,0.546538694040827,0.05,experiments/runs/synthetic/20261007-014611_syn_v2_V1_eta0_8a98f7991cf4/W-null_s2
20261007-014611,v2_V1_eta0,8a98f7991cf4,d3e1d8f650a1,W-null,3,0.309035540934657,0.5610869670639245,23.11682692307692,0.5763208756846188,0.5763208756846188,0.05,experiments/runs/synthetic/20261007-014611_syn_v2_V1_eta0_8a98f7991cf4/W-null_s3
20261007-014611,v2_V1_eta0,8a98f7991cf4,d3e1d8f650a1,W-null,4,0.6347268784840636,0.6352130070864143,0.05961538461538462,0.6348507092575435,0.6348507092575435,0.05,experiments/runs/synthetic/20261007-014611_syn_v2_V1_eta0_8a98f7991cf4/W-null_s4
20261007-014611,v2_V1_eta0,8a98f7991cf4,d3e1d8f650a1,W-vol,0,0.7227332931492597,0.7309219258079012,0.9432692307692309,0.6946329043026435,0.7789011565426762,6.1000000000000005,experiments/runs/synthetic/20261007-014611_syn_v2_V1_eta0_8a98f7991cf4/W-vol_s0
20261007-014611,v2_V1_eta0,8a98f7991cf4,d3e1d8f650a1,W-vol,1,0.5027619063580152,0.5118192461259785,1.1451923076923076,0.509197407279606,0.8607231089198386,5.4,experiments/runs/synthetic/20261007-014611_syn_v2_V1_eta0_8a98f7991cf4/W-vol_s1
20261007-014611,v2_V1_eta0,8a98f7991cf4,d3e1d8f650a1,W-vol,2,0.7620098323258795,0.7624551136742898,0.05,0.7631179328962211,0.9796096287414333,6.1000000000000005,experiments/runs/synthetic/20261007-014611_syn_v2_V1_eta0_8a98f7991cf4/W-vol_s2
20261007-014611,v2_V1_eta0,8a98f7991cf4,d3e1d8f650a1,W-vol,3,0.7421942028284066,0.7494950879042758,0.7855769230769232,0.7521029293457645,0.9371624553005907,6.375,experiments/runs/synthetic/20261007-014611_syn_v2_V1_eta0_8a98f7991cf4/W-vol_s3
20261007-014611,v2_V1_eta0,8a98f7991cf4,d3e1d8f650a1,W-vol,4,0.6610017199320793,0.6614090288061915,0.05,0.6610017199320793,0.5933899891267758,6.6375,experiments/runs/synthetic/20261007-014611_syn_v2_V1_eta0_8a98f7991cf4/W-vol_s4
20261007-014611,v2_V1_eta0,8a98f7991cf4,d3e1d8f650a1,W-regime,0,0.8336066502534477,0.8560805752800834,2.3740384615384618,0.541405634163167,0.7294587385374407,5.9,experiments/runs/synthetic/20261007-014611_syn_v2_V1_eta0_8a98f7991cf4/W-regime_s0
20261007-014611,v2_V1_eta0,8a98f7991cf4,d3e1d8f650a1,W-regime,1,0.5872123972676421,0.5951180058619248,0.9298076923076923,0.5934218089724476,0.696845469335995,5.550000000000001,experiments/runs/synthetic/20261007-014611_syn_v2_V1_eta0_8a98f7991cf4/W-regime_s1
20261007-014611,v2_V1_eta0,8a98f7991cf4,d3e1d8f650a1,W-regime,2,0.7553781547116105,0.7714732452167584,1.9115384615384619,0.7807394386659908,1.193656084420942,6.8500000000000005,experiments/runs/synthetic/20261007-014611_syn_v2_V1_eta0_8a98f7991cf4/W-regime_s2
20261007-014611,v2_V1_eta0,8a98f7991cf4,d3e1d8f650a1,W-regime,3,0.7716560251962893,0.8042280683972449,3.6240384615384613,0.5020597650029837,1.4333133789657801,6.15,experiments/runs/synthetic/20261007-014611_syn_v2_V1_eta0_8a98f7991cf4/W-regime_s3
20261007-014611,v2_V1_eta0,8a98f7991cf4,d3e1d8f650a1,W-regime,4,0.6792122107068109,0.6811875506701246,0.23269230769230773,0.6758841756853415,1.0401688199756487,6.2875000000000005,experiments/runs/synthetic/20261007-014611_syn_v2_V1_eta0_8a98f7991cf4/W-regime_s4
20261007-020025,v2_V1_lr1e-3,dc224479b488,d3e1d8f650a1,W-null,0,0.5350779255700969,0.6271352997325417,9.060576923076923,0.6959240011896217,0.6959240011896217,0.05,experiments/runs/synthetic/20261007-020025_syn_v2_V1_lr1e-3_dc224479b488/W-null_s0
20261007-020025,v2_V1_lr1e-3,dc224479b488,d3e1d8f650a1,W-null,1,0.6245754983047367,0.6876780848157215,6.751923076923077,0.6131451693782883,0.6131451693782883,0.05,experiments/runs/synthetic/20261007-020025_syn_v2_V1_lr1e-3_dc224479b488/W-null_s1
20261007-020025,v2_V1_lr1e-3,dc224479b488,d3e1d8f650a1,W-null,2,0.40605435595984885,0.5020978395504174,8.646153846153847,0.546538694040827,0.546538694040827,0.05,experiments/runs/synthetic/20261007-020025_syn_v2_V1_lr1e-3_dc224479b488/W-null_s2
20261007-020025,v2_V1_lr1e-3,dc224479b488,d3e1d8f650a1,W-null,3,0.5775635117619312,0.5830366392182776,0.5923076923076924,0.5763208756846188,0.5763208756846188,0.05,experiments/runs/synthetic/20261007-020025_syn_v2_V1_lr1e-3_dc224479b488/W-null_s3
20261007-020025,v2_V1_lr1e-3,dc224479b488,d3e1d8f650a1,W-null,4,0.6348184685941769,0.6352282767086846,0.05096153846153846,0.6348507092575435,0.6348507092575435,0.05,experiments/runs/synthetic/20261007-020025_syn_v2_V1_lr1e-3_dc224479b488/W-null_s4
20261007-020025,v2_V1_lr1e-3,dc224479b488,d3e1d8f650a1,W-vol,0,0.7483316820571079,0.7679097095024096,2.2173076923076924,0.6946329043026435,0.7789011565426762,6.1000000000000005,experiments/runs/synthetic/20261007-020025_syn_v2_V1_lr1e-3_dc224479b488/W-vol_s0
20261007-020025,v2_V1_lr1e-3,dc224479b488,d3e1d8f650a1,W-vol,1,0.6017738993821317,0.648064098095377,4.850961538461538,0.509197407279606,0.8607231089198386,5.4,experiments/runs/synthetic/20261007-020025_syn_v2_V1_lr1e-3_dc224479b488/W-vol_s1
20261007-020025,v2_V1_lr1e-3,dc224479b488,d3e1d8f650a1,W-vol,2,0.7108300159451665,0.7459882511671156,3.548557692307692,0.7631179328962211,0.9796096287414333,6.1000000000000005,experiments/runs/synthetic/20261007-020025_syn_v2_V1_lr1e-3_dc224479b488/W-vol_s2
20261007-020025,v2_V1_lr1e-3,dc224479b488,d3e1d8f650a1,W-vol,3,0.7797992547986086,0.8021173587573458,2.2197115384615387,0.7521029293457645,0.9371624553005907,6.375,experiments/runs/synthetic/20261007-020025_syn_v2_V1_lr1e-3_dc224479b488/W-vol_s3
20261007-020025,v2_V1_lr1e-3,dc224479b488,d3e1d8f650a1,W-vol,4,0.6610017199320793,0.6614090288061915,0.05,0.6610017199320793,0.5933899891267758,6.6375,experiments/runs/synthetic/20261007-020025_syn_v2_V1_lr1e-3_dc224479b488/W-vol_s4
20261007-020025,v2_V1_lr1e-3,dc224479b488,d3e1d8f650a1,W-regime,0,0.8677988238379605,0.9402840722952293,7.371153846153847,0.541405634163167,0.7294587385374407,5.9,experiments/runs/synthetic/20261007-020025_syn_v2_V1_lr1e-3_dc224479b488/W-regime_s0
20261007-020025,v2_V1_lr1e-3,dc224479b488,d3e1d8f650a1,W-regime,1,0.5629293277824129,0.5986330848488329,4.130288461538462,0.5934218089724476,0.696845469335995,5.550000000000001,experiments/runs/synthetic/20261007-020025_syn_v2_V1_lr1e-3_dc224479b488/W-regime_s1
20261007-020025,v2_V1_lr1e-3,dc224479b488,d3e1d8f650a1,W-regime,2,0.7694158500877962,0.7762415903891111,0.816346153846154,0.7807394386659908,1.193656084420942,6.8500000000000005,experiments/runs/synthetic/20261007-020025_syn_v2_V1_lr1e-3_dc224479b488/W-regime_s2
20261007-020025,v2_V1_lr1e-3,dc224479b488,d3e1d8f650a1,W-regime,3,0.7840302916424716,0.8688774607710715,7.910576923076923,0.5020597650029837,1.4333133789657801,6.15,experiments/runs/synthetic/20261007-020025_syn_v2_V1_lr1e-3_dc224479b488/W-regime_s3
20261007-020025,v2_V1_lr1e-3,dc224479b488,d3e1d8f650a1,W-regime,4,0.7138935404735409,0.7200907417972446,0.7153846153846154,0.6758841756853415,1.0401688199756487,6.2875000000000005,experiments/runs/synthetic/20261007-020025_syn_v2_V1_lr1e-3_dc224479b488/W-regime_s4
20261007-021446,v2_V1_mse_n20_h10g1,f2edc27b4a22,d3e1d8f650a1,W-null,0,0.5740619802291497,0.5992004082467209,2.680769230769231,0.6959240011896217,0.6959240011896217,0.05,experiments/runs/synthetic/20261007-021446_syn_v2_V1_mse_n20_h10g1_f2edc27b4a22/W-null_s0
20261007-021446,v2_V1_mse_n20_h10g1,f2edc27b4a22,d3e1d8f650a1,W-null,1,0.6132196540880904,0.6137596628269465,0.06923076923076923,0.6131451693782883,0.6131451693782883,0.05,experiments/runs/synthetic/20261007-021446_syn_v2_V1_mse_n20_h10g1_f2edc27b4a22/W-null_s1
20261007-021446,v2_V1_mse_n20_h10g1,f2edc27b4a22,d3e1d8f650a1,W-null,2,0.33210334343882036,0.46902056886861204,13.521153846153846,0.546538694040827,0.546538694040827,0.05,experiments/runs/synthetic/20261007-021446_syn_v2_V1_mse_n20_h10g1_f2edc27b4a22/W-null_s2
20261007-021446,v2_V1_mse_n20_h10g1,f2edc27b4a22,d3e1d8f650a1,W-null,3,0.5763208756846188,0.5767965078273164,0.05,0.5763208756846188,0.5763208756846188,0.05,experiments/runs/synthetic/20261007-021446_syn_v2_V1_mse_n20_h10g1_f2edc27b4a22/W-null_s3
20261007-021446,v2_V1_mse_n20_h10g1,f2edc27b4a22,d3e1d8f650a1,W-null,4,0.6348507092575435,0.6352523496352531,0.05,0.6348507092575435,0.6348507092575435,0.05,experiments/runs/synthetic/20261007-021446_syn_v2_V1_mse_n20_h10g1_f2edc27b4a22/W-null_s4
20261007-021446,v2_V1_mse_n20_h10g1,f2edc27b4a22,d3e1d8f650a1,W-vol,0,0.7656113352557692,0.7927828313459486,2.803846153846154,0.6946329043026435,0.7789011565426762,6.1000000000000005,experiments/runs/synthetic/20261007-021446_syn_v2_V1_mse_n20_h10g1_f2edc27b4a22/W-vol_s0
20261007-021446,v2_V1_mse_n20_h10g1,f2edc27b4a22,d3e1d8f650a1,W-vol,1,0.6236204646461759,0.6558060600085572,3.4576923076923083,0.509197407279606,0.8607231089198386,5.4,experiments/runs/synthetic/20261007-021446_syn_v2_V1_mse_n20_h10g1_f2edc27b4a22/W-vol_s1
20261007-021446,v2_V1_mse_n20_h10g1,f2edc27b4a22,d3e1d8f650a1,W-vol,2,0.7631179328962211,0.7635545946635094,0.05,0.7631179328962211,0.9796096287414333,6.1000000000000005,experiments/runs/synthetic/20261007-021446_syn_v2_V1_mse_n20_h10g1_f2edc27b4a22/W-vol_s2
20261007-021446,v2_V1_mse_n20_h10g1,f2edc27b4a22,d3e1d8f650a1,W-vol,3,0.7521029293457645,0.7525828518167668,0.05,0.7521029293457645,0.9371624553005907,6.375,experiments/runs/synthetic/20261007-021446_syn_v2_V1_mse_n20_h10g1_f2edc27b4a22/W-vol_s3
20261007-021446,v2_V1_mse_n20_h10g1,f2edc27b4a22,d3e1d8f650a1,W-vol,4,0.6610017199320793,0.6614090288061915,0.05,0.6610017199320793,0.5933899891267758,6.6375,experiments/runs/synthetic/20261007-021446_syn_v2_V1_mse_n20_h10g1_f2edc27b4a22/W-vol_s4
20261007-021446,v2_V1_mse_n20_h10g1,f2edc27b4a22,d3e1d8f650a1,W-regime,0,0.5405442415570649,0.5409274265309527,0.05,0.541405634163167,0.7294587385374407,5.9,experiments/runs/synthetic/20261007-021446_syn_v2_V1_mse_n20_h10g1_f2edc27b4a22/W-regime_s0
20261007-021446,v2_V1_mse_n20_h10g1,f2edc27b4a22,d3e1d8f650a1,W-regime,1,0.6189569061261792,0.6313329259941842,1.4384615384615387,0.5934218089724476,0.696845469335995,5.550000000000001,experiments/runs/synthetic/20261007-021446_syn_v2_V1_mse_n20_h10g1_f2edc27b4a22/W-regime_s1
20261007-021446,v2_V1_mse_n20_h10g1,f2edc27b4a22,d3e1d8f650a1,W-regime,2,1.1062068674702088,1.1513454772973328,4.653846153846154,0.7807394386659908,1.193656084420942,6.8500000000000005,experiments/runs/synthetic/20261007-021446_syn_v2_V1_mse_n20_h10g1_f2edc27b4a22/W-regime_s2
20261007-021446,v2_V1_mse_n20_h10g1,f2edc27b4a22,d3e1d8f650a1,W-regime,3,0.7885126208652825,0.9205151767647657,13.561538461538461,0.5020597650029837,1.4333133789657801,6.15,experiments/runs/synthetic/20261007-021446_syn_v2_V1_mse_n20_h10g1_f2edc27b4a22/W-regime_s3
20261007-021446,v2_V1_mse_n20_h10g1,f2edc27b4a22,d3e1d8f650a1,W-regime,4,0.9359984739368667,0.9901808019051414,5.7615384615384615,0.6758841756853415,1.0401688199756487,6.2875000000000005,experiments/runs/synthetic/20261007-021446_syn_v2_V1_mse_n20_h10g1_f2edc27b4a22/W-regime_s4
20261007-022914,v2_V1_mse_n20_h10g1_ln,db30d45e2db9,d3e1d8f650a1,W-null,0,0.6959240011896217,0.696303238704093,0.05,0.6959240011896217,0.6959240011896217,0.05,experiments/runs/synthetic/20261007-022914_syn_v2_V1_mse_n20_h10g1_ln_db30d45e2db9/W-null_s0
20261007-022914,v2_V1_mse_n20_h10g1_ln,db30d45e2db9,d3e1d8f650a1,W-null,1,0.6131451693782883,0.613536504643378,0.05,0.6131451693782883,0.6131451693782883,0.05,experiments/runs/synthetic/20261007-022914_syn_v2_V1_mse_n20_h10g1_ln_db30d45e2db9/W-null_s1
20261007-022914,v2_V1_mse_n20_h10g1_ln,db30d45e2db9,d3e1d8f650a1,W-null,2,0.5465633627230544,0.5470111822566798,0.05,0.546538694040827,0.546538694040827,0.05,experiments/runs/synthetic/20261007-022914_syn_v2_V1_mse_n20_h10g1_ln_db30d45e2db9/W-null_s2
20261007-022914,v2_V1_mse_n20_h10g1_ln,db30d45e2db9,d3e1d8f650a1,W-null,3,0.5616802596737491,0.5650762218241357,0.3653846153846154,0.5763208756846188,0.5763208756846188,0.05,experiments/runs/synthetic/20261007-022914_syn_v2_V1_mse_n20_h10g1_ln_db30d45e2db9/W-null_s3
20261007-022914,v2_V1_mse_n20_h10g1_ln,db30d45e2db9,d3e1d8f650a1,W-null,4,0.6348507092575435,0.6352523496352531,0.05,0.6348507092575435,0.6348507092575435,0.05,experiments/runs/synthetic/20261007-022914_syn_v2_V1_mse_n20_h10g1_ln_db30d45e2db9/W-null_s4
20261007-022914,v2_V1_mse_n20_h10g1_ln,db30d45e2db9,d3e1d8f650a1,W-vol,0,0.6946329043026435,0.6950132645483754,0.05,0.6946329043026435,0.7789011565426762,6.1000000000000005,experiments/runs/synthetic/20261007-022914_syn_v2_V1_mse_n20_h10g1_ln_db30d45e2db9/W-vol_s0
20261007-022914,v2_V1_mse_n20_h10g1_ln,db30d45e2db9,d3e1d8f650a1,W-vol,1,0.5086240502531812,0.525892012310604,2.0307692307692307,0.509197407279606,0.8607231089198386,5.4,experiments/runs/synthetic/20261007-022914_syn_v2_V1_mse_n20_h10g1_ln_db30d45e2db9/W-vol_s1
20261007-022914,v2_V1_mse_n20_h10g1_ln,db30d45e2db9,d3e1d8f650a1,W-vol,2,0.7631457937081069,0.7635833066365056,0.05,0.7631179328962211,0.9796096287414333,6.1000000000000005,experiments/runs/synthetic/20261007-022914_syn_v2_V1_mse_n20_h10g1_ln_db30d45e2db9/W-vol_s2
20261007-022914,v2_V1_mse_n20_h10g1_ln,db30d45e2db9,d3e1d8f650a1,W-vol,3,0.7274288696438064,0.7366725807551245,0.9961538461538462,0.7521029293457645,0.9371624553005907,6.375,experiments/runs/synthetic/20261007-022914_syn_v2_V1_mse_n20_h10g1_ln_db30d45e2db9/W-vol_s3
20261007-022914,v2_V1_mse_n20_h10g1_ln,db30d45e2db9,d3e1d8f650a1,W-vol,4,0.6610017199320793,0.6614090288061915,0.05,0.6610017199320793,0.5933899891267758,6.6375,experiments/runs/synthetic/20261007-022914_syn_v2_V1_mse_n20_h10g1_ln_db30d45e2db9/W-vol_s4
20261007-022914,v2_V1_mse_n20_h10g1_ln,db30d45e2db9,d3e1d8f650a1,W-regime,0,0.5381160165536779,0.5385124441115053,0.05,0.541405634163167,0.7294587385374407,5.9,experiments/runs/synthetic/20261007-022914_syn_v2_V1_mse_n20_h10g1_ln_db30d45e2db9/W-regime_s0
20261007-022914,v2_V1_mse_n20_h10g1_ln,db30d45e2db9,d3e1d8f650a1,W-regime,1,0.5622907747175984,0.6081686789993198,5.130769230769231,0.5934218089724476,0.696845469335995,5.550000000000001,experiments/runs/synthetic/20261007-022914_syn_v2_V1_mse_n20_h10g1_ln_db30d45e2db9/W-regime_s1
20261007-022914,v2_V1_mse_n20_h10g1_ln,db30d45e2db9,d3e1d8f650a1,W-regime,2,0.7807394386659908,0.7811339801723379,0.05,0.7807394386659908,1.193656084420942,6.8500000000000005,experiments/runs/synthetic/20261007-022914_syn_v2_V1_mse_n20_h10g1_ln_db30d45e2db9/W-regime_s2
20261007-022914,v2_V1_mse_n20_h10g1_ln,db30d45e2db9,d3e1d8f650a1,W-regime,3,0.7700714697729723,0.8483581371260306,8.546153846153848,0.5020597650029837,1.4333133789657801,6.15,experiments/runs/synthetic/20261007-022914_syn_v2_V1_mse_n20_h10g1_ln_db30d45e2db9/W-regime_s3
20261007-022914,v2_V1_mse_n20_h10g1_ln,db30d45e2db9,d3e1d8f650a1,W-regime,4,0.8714771175934134,0.912392031696365,4.426923076923077,0.6758841756853415,1.0401688199756487,6.2875000000000005,experiments/runs/synthetic/20261007-022914_syn_v2_V1_mse_n20_h10g1_ln_db30d45e2db9/W-regime_s4
20261007-024434,v2_V1_mse_n20_mv,071aafe42ca8,d3e1d8f650a1,W-null,0,0.6862175993795954,0.691493476056663,0.6528846153846154,0.6959240011896217,0.6959240011896217,0.05,experiments/runs/synthetic/20261007-024434_syn_v2_V1_mse_n20_mv_071aafe42ca8/W-null_s0
20261007-024434,v2_V1_mse_n20_mv,071aafe42ca8,d3e1d8f650a1,W-null,1,0.6086360217789797,0.6167304537464531,1.05,0.6131451693782883,0.6131451693782883,0.05,experiments/runs/synthetic/20261007-024434_syn_v2_V1_mse_n20_mv_071aafe42ca8/W-null_s1
20261007-024434,v2_V1_mse_n20_mv,071aafe42ca8,d3e1d8f650a1,W-null,2,0.1809155799706143,0.40478990962967143,20.597596153846155,0.546538694040827,0.546538694040827,0.05,experiments/runs/synthetic/20261007-024434_syn_v2_V1_mse_n20_mv_071aafe42ca8/W-null_s2
20261007-024434,v2_V1_mse_n20_mv,071aafe42ca8,d3e1d8f650a1,W-null,3,0.1014779865738499,0.3719294817765877,26.081730769230774,0.5763208756846188,0.5763208756846188,0.05,experiments/runs/synthetic/20261007-024434_syn_v2_V1_mse_n20_mv_071aafe42ca8/W-null_s3
20261007-024434,v2_V1_mse_n20_mv,071aafe42ca8,d3e1d8f650a1,W-null,4,0.6278412279077155,0.6348898621605404,0.828846153846154,0.6348507092575435,0.6348507092575435,0.05,experiments/runs/synthetic/20261007-024434_syn_v2_V1_mse_n20_mv_071aafe42ca8/W-null_s4
20261007-024434,v2_V1_mse_n20_mv,071aafe42ca8,d3e1d8f650a1,W-vol,0,0.6910109425338171,0.7285436449035573,4.214423076923078,0.6946329043026435,0.7789011565426762,6.1000000000000005,experiments/runs/synthetic/20261007-024434_syn_v2_V1_mse_n20_mv_071aafe42ca8/W-vol_s0
20261007-024434,v2_V1_mse_n20_mv,071aafe42ca8,d3e1d8f650a1,W-vol,1,0.5132257371543254,0.518810654720357,0.7105769230769231,0.509197407279606,0.8607231089198386,5.4,experiments/runs/synthetic/20261007-024434_syn_v2_V1_mse_n20_mv_071aafe42ca8/W-vol_s1
20261007-024434,v2_V1_mse_n20_mv,071aafe42ca8,d3e1d8f650a1,W-vol,2,0.7481086931255699,0.7617725533292219,1.425,0.7631179328962211,0.9796096287414333,6.1000000000000005,experiments/runs/synthetic/20261007-024434_syn_v2_V1_mse_n20_mv_071aafe42ca8/W-vol_s2
20261007-024434,v2_V1_mse_n20_mv,071aafe42ca8,d3e1d8f650a1,W-vol,3,0.6230033513992723,0.7091323480580801,9.167307692307693,0.7521029293457645,0.9371624553005907,6.375,experiments/runs/synthetic/20261007-024434_syn_v2_V1_mse_n20_mv_071aafe42ca8/W-vol_s3
20261007-024434,v2_V1_mse_n20_mv,071aafe42ca8,d3e1d8f650a1,W-vol,4,0.6608590637907183,0.6614233064031237,0.06826923076923078,0.6610017199320793,0.5933899891267758,6.6375,experiments/runs/synthetic/20261007-024434_syn_v2_V1_mse_n20_mv_071aafe42ca8/W-vol_s4
20261007-024434,v2_V1_mse_n20_mv,071aafe42ca8,d3e1d8f650a1,W-regime,0,0.6769260362318722,0.9771048832535466,25.676923076923078,0.541405634163167,0.7294587385374407,5.9,experiments/runs/synthetic/20261007-024434_syn_v2_V1_mse_n20_mv_071aafe42ca8/W-regime_s0
20261007-024434,v2_V1_mse_n20_mv,071aafe42ca8,d3e1d8f650a1,W-regime,1,0.5932536764286684,0.5937185538322524,0.05384615384615385,0.5934218089724476,0.696845469335995,5.550000000000001,experiments/runs/synthetic/20261007-024434_syn_v2_V1_mse_n20_mv_071aafe42ca8/W-regime_s1
20261007-024434,v2_V1_mse_n20_mv,071aafe42ca8,d3e1d8f650a1,W-regime,2,1.11981619614804,1.2057463282678584,8.612499999999999,0.7807394386659908,1.193656084420942,6.8500000000000005,experiments/runs/synthetic/20261007-024434_syn_v2_V1_mse_n20_mv_071aafe42ca8/W-regime_s2
20261007-024434,v2_V1_mse_n20_mv,071aafe42ca8,d3e1d8f650a1,W-regime,3,0.7613099039706358,0.8981842445469451,14.499038461538465,0.5020597650029837,1.4333133789657801,6.15,experiments/runs/synthetic/20261007-024434_syn_v2_V1_mse_n20_mv_071aafe42ca8/W-regime_s3
20261007-024434,v2_V1_mse_n20_mv,071aafe42ca8,d3e1d8f650a1,W-regime,4,0.6678436860209453,0.6817289499613753,1.6322115384615388,0.6758841756853415,1.0401688199756487,6.2875000000000005,experiments/runs/synthetic/20261007-024434_syn_v2_V1_mse_n20_mv_071aafe42ca8/W-regime_s4
20261007-030447,v2_V1_mse_n20_h10g1_s5-9,8d48018590e5,d3e1d8f650a1,W-null,5,0.569864229285936,0.5990842549267299,2.553846153846154,0.5980964731687621,0.5980964731687621,0.05,experiments/runs/synthetic/20261007-030447_syn_v2_V1_mse_n20_h10g1_s5-9_8d48018590e5/W-null_s5
20261007-030447,v2_V1_mse_n20_h10g1_s5-9,8d48018590e5,d3e1d8f650a1,W-null,6,0.5502976480857478,0.5506828171122483,0.05,0.5502976480857478,0.5502976480857478,0.05,experiments/runs/synthetic/20261007-030447_syn_v2_V1_mse_n20_h10g1_s5-9_8d48018590e5/W-null_s6
20261007-030447,v2_V1_mse_n20_h10g1_s5-9,8d48018590e5,d3e1d8f650a1,W-null,7,0.9912221734007262,0.9916427017479164,0.05,0.9912221734007262,0.9912221734007262,0.05,experiments/runs/synthetic/20261007-030447_syn_v2_V1_mse_n20_h10g1_s5-9_8d48018590e5/W-null_s7
20261007-030447,v2_V1_mse_n20_h10g1_s5-9,8d48018590e5,d3e1d8f650a1,W-null,8,0.6987357932879522,0.6991659123276875,0.05,0.6987357932879522,0.6987357932879522,0.05,experiments/runs/synthetic/20261007-030447_syn_v2_V1_mse_n20_h10g1_s5-9_8d48018590e5/W-null_s8
20261007-030447,v2_V1_mse_n20_h10g1_s5-9,8d48018590e5,d3e1d8f650a1,W-null,9,0.22793069350192366,0.30247525978158135,7.026923076923078,0.4299934453164182,0.4299934453164182,0.05,experiments/runs/synthetic/20261007-030447_syn_v2_V1_mse_n20_h10g1_s5-9_8d48018590e5/W-null_s9
20261007-030447,v2_V1_mse_n20_h10g1_s5-9,8d48018590e5,d3e1d8f650a1,W-vol,5,1.0849050390617263,1.0854481397561315,0.05,1.0849050390617263,1.1804767199723067,6.25,experiments/runs/synthetic/20261007-030447_syn_v2_V1_mse_n20_h10g1_s5-9_8d48018590e5/W-vol_s5
20261007-030447,v2_V1_mse_n20_h10g1_s5-9,8d48018590e5,d3e1d8f650a1,W-vol,6,0.49157709110509246,0.492990278206394,0.1807692307692308,0.49572463272818834,0.8800384765140362,6.175,experiments/runs/synthetic/20261007-030447_syn_v2_V1_mse_n20_h10g1_s5-9_8d48018590e5/W-vol_s6
20261007-030447,v2_V1_mse_n20_h10g1_s5-9,8d48018590e5,d3e1d8f650a1,W-vol,7,0.9694539627987532,1.0419219041784187,6.696153846153847,1.012056596534574,1.1707978146499476,6.75,experiments/runs/synthetic/20261007-030447_syn_v2_V1_mse_n20_h10g1_s5-9_8d48018590e5/W-vol_s7
20261007-030447,v2_V1_mse_n20_h10g1_s5-9,8d48018590e5,d3e1d8f650a1,W-vol,8,0.8464051106388464,0.8491205145799371,0.3038461538461539,0.841526901781449,0.9849103507650696,6.175,experiments/runs/synthetic/20261007-030447_syn_v2_V1_mse_n20_h10g1_s5-9_8d48018590e5/W-vol_s8
20261007-030447,v2_V1_mse_n20_h10g1_s5-9,8d48018590e5,d3e1d8f650a1,W-vol,9,0.45876989710394056,0.5260544025968541,6.415384615384617,0.5584051571365488,0.5956931314049312,6.1000000000000005,experiments/runs/synthetic/20261007-030447_syn_v2_V1_mse_n20_h10g1_s5-9_8d48018590e5/W-vol_s9
20261007-030447,v2_V1_mse_n20_h10g1_s5-9,8d48018590e5,d3e1d8f650a1,W-regime,5,1.2026503786124454,1.247946296578828,4.719230769230769,1.1620169448999793,1.258008085402135,5.550000000000001,experiments/runs/synthetic/20261007-030447_syn_v2_V1_mse_n20_h10g1_s5-9_8d48018590e5/W-regime_s5
20261007-030447,v2_V1_mse_n20_h10g1_s5-9,8d48018590e5,d3e1d8f650a1,W-regime,6,0.5260747887534142,0.5454192710881881,2.303846153846154,0.47604999182016766,0.941123391219184,5.425,experiments/runs/synthetic/20261007-030447_syn_v2_V1_mse_n20_h10g1_s5-9_8d48018590e5/W-regime_s6
20261007-030447,v2_V1_mse_n20_h10g1_s5-9,8d48018590e5,d3e1d8f650a1,W-regime,7,0.5833787519235698,0.6118363673679735,3.4692307692307693,0.5050010035773225,0.9930711577815788,5.25,experiments/runs/synthetic/20261007-030447_syn_v2_V1_mse_n20_h10g1_s5-9_8d48018590e5/W-regime_s7
20261007-030447,v2_V1_mse_n20_h10g1_s5-9,8d48018590e5,d3e1d8f650a1,W-regime,8,0.9531321701528302,0.9852996739522638,3.5692307692307694,0.7105048656316301,1.088895310702736,6.225,experiments/runs/synthetic/20261007-030447_syn_v2_V1_mse_n20_h10g1_s5-9_8d48018590e5/W-regime_s8
20261007-030447,v2_V1_mse_n20_h10g1_s5-9,8d48018590e5,d3e1d8f650a1,W-regime,9,0.3527078695842426,0.3535944057562902,0.11153846153846154,0.35575767514685536,0.8108083454500197,6.175,experiments/runs/synthetic/20261007-030447_syn_v2_V1_mse_n20_h10g1_s5-9_8d48018590e5/W-regime_s9
20261007-031906,v2_V1_mse_n20_h10g2,5cf28cf074f4,d3e1d8f650a1,W-null,0,0.5474504417196235,0.5978077688912472,4.792307692307693,0.6959240011896217,0.6959240011896217,0.05,experiments/runs/synthetic/20261007-031906_syn_v2_V1_mse_n20_h10g2_5cf28cf074f4/W-null_s0
20261007-031906,v2_V1_mse_n20_h10g2,5cf28cf074f4,d3e1d8f650a1,W-null,1,0.6131451693782883,0.613536504643378,0.05,0.6131451693782883,0.6131451693782883,0.05,experiments/runs/synthetic/20261007-031906_syn_v2_V1_mse_n20_h10g2_5cf28cf074f4/W-null_s1
20261007-031906,v2_V1_mse_n20_h10g2,5cf28cf074f4,d3e1d8f650a1,W-null,2,0.3600069658991039,0.47255672613855787,11.132692307692308,0.546538694040827,0.546538694040827,0.05,experiments/runs/synthetic/20261007-031906_syn_v2_V1_mse_n20_h10g2_5cf28cf074f4/W-null_s2
20261007-031906,v2_V1_mse_n20_h10g2,5cf28cf074f4,d3e1d8f650a1,W-null,3,0.5848001614062674,0.5852633122198664,0.05,0.5763208756846188,0.5763208756846188,0.05,experiments/runs/synthetic/20261007-031906_syn_v2_V1_mse_n20_h10g2_5cf28cf074f4/W-null_s3
20261007-031906,v2_V1_mse_n20_h10g2,5cf28cf074f4,d3e1d8f650a1,W-null,4,0.6348507092575435,0.6352523496352531,0.05,0.6348507092575435,0.6348507092575435,0.05,experiments/runs/synthetic/20261007-031906_syn_v2_V1_mse_n20_h10g2_5cf28cf074f4/W-null_s4
20261007-031906,v2_V1_mse_n20_h10g2,5cf28cf074f4,d3e1d8f650a1,W-vol,0,0.804488321716747,0.839942365142176,3.342307692307692,0.6946329043026435,0.7789011565426762,6.1000000000000005,experiments/runs/synthetic/20261007-031906_syn_v2_V1_mse_n20_h10g2_5cf28cf074f4/W-vol_s0
20261007-031906,v2_V1_mse_n20_h10g2,5cf28cf074f4,d3e1d8f650a1,W-vol,1,0.6544947985318175,0.6983369580663678,4.523076923076923,0.509197407279606,0.8607231089198386,5.4,experiments/runs/synthetic/20261007-031906_syn_v2_V1_mse_n20_h10g2_5cf28cf074f4/W-vol_s1
20261007-031906,v2_V1_mse_n20_h10g2,5cf28cf074f4,d3e1d8f650a1,W-vol,2,0.7629191106051733,0.7633572631205565,0.05,0.7631179328962211,0.9796096287414333,6.1000000000000005,experiments/runs/synthetic/20261007-031906_syn_v2_V1_mse_n20_h10g2_5cf28cf074f4/W-vol_s2
20261007-031906,v2_V1_mse_n20_h10g2,5cf28cf074f4,d3e1d8f650a1,W-vol,3,0.7532851889674158,0.7539419876740577,0.06923076923076923,0.7521029293457645,0.9371624553005907,6.375,experiments/runs/synthetic/20261007-031906_syn_v2_V1_mse_n20_h10g2_5cf28cf074f4/W-vol_s3
20261007-031906,v2_V1_mse_n20_h10g2,5cf28cf074f4,d3e1d8f650a1,W-vol,4,0.6610017199320793,0.6614090288061915,0.05,0.6610017199320793,0.5933899891267758,6.6375,experiments/runs/synthetic/20261007-031906_syn_v2_V1_mse_n20_h10g2_5cf28cf074f4/W-vol_s4
20261007-031906,v2_V1_mse_n20_h10g2,5cf28cf074f4,d3e1d8f650a1,W-regime,0,0.5359196573471087,0.5363193928488812,0.05,0.541405634163167,0.7294587385374407,5.9,experiments/runs/synthetic/20261007-031906_syn_v2_V1_mse_n20_h10g2_5cf28cf074f4/W-regime_s0
20261007-031906,v2_V1_mse_n20_h10g2,5cf28cf074f4,d3e1d8f650a1,W-regime,1,0.5922288533751019,0.6237127638931894,3.5730769230769237,0.5934218089724476,0.696845469335995,5.550000000000001,experiments/runs/synthetic/20261007-031906_syn_v2_V1_mse_n20_h10g2_5cf28cf074f4/W-regime_s1
20261007-031906,v2_V1_mse_n20_h10g2,5cf28cf074f4,d3e1d8f650a1,W-regime,2,1.1151686558071365,1.1531147600723777,3.9153846153846157,0.7807394386659908,1.193656084420942,6.8500000000000005,experiments/runs/synthetic/20261007-031906_syn_v2_V1_mse_n20_h10g2_5cf28cf074f4/W-regime_s2
20261007-031906,v2_V1_mse_n20_h10g2,5cf28cf074f4,d3e1d8f650a1,W-regime,3,0.8477153781677511,0.9329910200840908,9.026923076923078,0.5020597650029837,1.4333133789657801,6.15,experiments/runs/synthetic/20261007-031906_syn_v2_V1_mse_n20_h10g2_5cf28cf074f4/W-regime_s3
20261007-031906,v2_V1_mse_n20_h10g2,5cf28cf074f4,d3e1d8f650a1,W-regime,4,0.9285704061809097,0.9693715776878721,4.365384615384616,0.6758841756853415,1.0401688199756487,6.2875000000000005,experiments/runs/synthetic/20261007-031906_syn_v2_V1_mse_n20_h10g2_5cf28cf074f4/W-regime_s4
20261007-033333,v2_V1_mse_n20_h10g1_mv_eta0,4983a3aa03ae,d3e1d8f650a1,W-null,0,0.6952665891535044,0.6956650469732634,0.04278846153846153,0.6959240011896217,0.6959240011896217,0.05,experiments/runs/synthetic/20261007-033333_syn_v2_V1_mse_n20_h10g1_mv_eta0_4983a3aa03ae/W-null_s0
20261007-033333,v2_V1_mse_n20_h10g1_mv_eta0,4983a3aa03ae,d3e1d8f650a1,W-null,1,0.6115480269757559,0.6120131574300957,0.059615384615384605,0.6131451693782883,0.6131451693782883,0.05,experiments/runs/synthetic/20261007-033333_syn_v2_V1_mse_n20_h10g1_mv_eta0_4983a3aa03ae/W-null_s1
20261007-033333,v2_V1_mse_n20_h10g1_mv_eta0,4983a3aa03ae,d3e1d8f650a1,W-null,2,0.12141754255308078,0.3489601012780878,19.317307692307693,0.546538694040827,0.546538694040827,0.05,experiments/runs/synthetic/20261007-033333_syn_v2_V1_mse_n20_h10g1_mv_eta0_4983a3aa03ae/W-null_s2
20261007-033333,v2_V1_mse_n20_h10g1_mv_eta0,4983a3aa03ae,d3e1d8f650a1,W-null,3,0.5373311376722326,0.5445797577708386,0.7480769230769232,0.5763208756846188,0.5763208756846188,0.05,experiments/runs/synthetic/20261007-033333_syn_v2_V1_mse_n20_h10g1_mv_eta0_4983a3aa03ae/W-null_s3
20261007-033333,v2_V1_mse_n20_h10g1_mv_eta0,4983a3aa03ae,d3e1d8f650a1,W-null,4,0.6348507092575435,0.6352523496352531,0.05,0.6348507092575435,0.6348507092575435,0.05,experiments/runs/synthetic/20261007-033333_syn_v2_V1_mse_n20_h10g1_mv_eta0_4983a3aa03ae/W-null_s4
20261007-033333,v2_V1_mse_n20_h10g1_mv_eta0,4983a3aa03ae,d3e1d8f650a1,W-vol,0,0.7057950576222926,0.7061933343790221,0.049038461538461545,0.6946329043026435,0.7789011565426762,6.1000000000000005,experiments/runs/synthetic/20261007-033333_syn_v2_V1_mse_n20_h10g1_mv_eta0_4983a3aa03ae/W-vol_s0
20261007-033333,v2_V1_mse_n20_h10g1_mv_eta0,4983a3aa03ae,d3e1d8f650a1,W-vol,1,0.6281267507639028,0.641531920166764,1.3875000000000002,0.509197407279606,0.8607231089198386,5.4,experiments/runs/synthetic/20261007-033333_syn_v2_V1_mse_n20_h10g1_mv_eta0_4983a3aa03ae/W-vol_s1
20261007-033333,v2_V1_mse_n20_h10g1_mv_eta0,4983a3aa03ae,d3e1d8f650a1,W-vol,2,0.41130046525148817,0.6184036540852262,19.066826923076924,0.7631179328962211,0.9796096287414333,6.1000000000000005,experiments/runs/synthetic/20261007-033333_syn_v2_V1_mse_n20_h10g1_mv_eta0_4983a3aa03ae/W-vol_s2
20261007-033333,v2_V1_mse_n20_h10g1_mv_eta0,4983a3aa03ae,d3e1d8f650a1,W-vol,3,0.7318343967292812,0.7323177551127928,0.04759615384615385,0.7521029293457645,0.9371624553005907,6.375,experiments/runs/synthetic/20261007-033333_syn_v2_V1_mse_n20_h10g1_mv_eta0_4983a3aa03ae/W-vol_s3
20261007-033333,v2_V1_mse_n20_h10g1_mv_eta0,4983a3aa03ae,d3e1d8f650a1,W-vol,4,0.6621881856705132,0.6625932888425543,0.049519230769230774,0.6610017199320793,0.5933899891267758,6.6375,experiments/runs/synthetic/20261007-033333_syn_v2_V1_mse_n20_h10g1_mv_eta0_4983a3aa03ae/W-vol_s4
20261007-033333,v2_V1_mse_n20_h10g1_mv_eta0,4983a3aa03ae,d3e1d8f650a1,W-regime,0,0.8619279048127364,0.9348398898792162,6.740384615384616,0.541405634163167,0.7294587385374407,5.9,experiments/runs/synthetic/20261007-033333_syn_v2_V1_mse_n20_h10g1_mv_eta0_4983a3aa03ae/W-regime_s0
20261007-033333,v2_V1_mse_n20_h10g1_mv_eta0,4983a3aa03ae,d3e1d8f650a1,W-regime,1,0.5944431447443272,0.5948712512994887,0.05000000000000002,0.5934218089724476,0.696845469335995,5.550000000000001,experiments/runs/synthetic/20261007-033333_syn_v2_V1_mse_n20_h10g1_mv_eta0_4983a3aa03ae/W-regime_s1
20261007-033333,v2_V1_mse_n20_h10g1_mv_eta0,4983a3aa03ae,d3e1d8f650a1,W-regime,2,0.7799309575091836,0.780330625971992,0.05,0.7807394386659908,1.193656084420942,6.8500000000000005,experiments/runs/synthetic/20261007-033333_syn_v2_V1_mse_n20_h10g1_mv_eta0_4983a3aa03ae/W-regime_s2
20261007-033333,v2_V1_mse_n20_h10g1_mv_eta0,4983a3aa03ae,d3e1d8f650a1,W-regime,3,0.6365588976581497,0.8087796080091473,16.196153846153845,0.5020597650029837,1.4333133789657801,6.15,experiments/runs/synthetic/20261007-033333_syn_v2_V1_mse_n20_h10g1_mv_eta0_4983a3aa03ae/W-regime_s3
20261007-033333,v2_V1_mse_n20_h10g1_mv_eta0,4983a3aa03ae,d3e1d8f650a1,W-regime,4,0.6741617498782657,0.6745676775157593,0.047115384615384615,0.6758841756853415,1.0401688199756487,6.2875000000000005,experiments/runs/synthetic/20261007-033333_syn_v2_V1_mse_n20_h10g1_mv_eta0_4983a3aa03ae/W-regime_s4
