timestamp,trial_id,kind,name,policy,config_hash,code_hash,git_commit,protocol_version,seeds,folds,eval_set,cost_bps,n_runs,sharpe_median,sharpe_iqr,cagr_median,max_drawdown_median,turnover_median,sr_pp,fold_metrics,output_dir,versions,notes
2026-10-05T13:15:10,20261005-131510_baseline_buy_and_hold_faa44349a929,baseline,baseline_buy_and_hold,buy_and_hold,faa44349a929,cd644184f885,076989b+dirty,1.0,0-9 (n=10),"F1,F2,F3,F4,F5",train,10,50,0.6672608887791742,0.6840346976373944,0.0650494772641994,0.15929880706557198,0.4883720930232558,0.030064727108869597,"{""F1"": 0.0105, ""F2"": 1.4549, ""F3"": 0.6673, ""F4"": 0.6945, ""F5"": -0.2051}",experiments/runs/20261005-131510_baseline_buy_and_hold_faa44349a929,"{""python"": ""3.11.15"", ""numpy"": ""1.26.4"", ""pandas"": ""3.0.3"", ""scipy"": ""1.17.1""}",
2026-10-05T13:15:56,20261005-131556_baseline_momentum_f326c3138661,baseline,baseline_momentum,momentum,f326c3138661,cd644184f885,076989b+dirty,1.0,0-9 (n=10),"F1,F2,F3,F4,F5",train,10,50,0.28471893740170406,1.0884565151887582,0.015336764313763851,0.08428841309167723,14.961911874533232,0.016647597517937894,"{""F1"": -0.2235, ""F2"": 1.2406, ""F3"": 0.2847, ""F4"": 0.865, ""F5"": -1.1912}",experiments/runs/20261005-131556_baseline_momentum_f326c3138661,"{""python"": ""3.11.15"", ""numpy"": ""1.26.4"", ""pandas"": ""3.0.3"", ""scipy"": ""1.17.1""}",
2026-10-05T13:16:43,20261005-131642_baseline_macd_575c80365d00,baseline,baseline_macd,macd,575c80365d00,cd644184f885,076989b+dirty,1.0,0-9 (n=10),"F1,F2,F3,F4,F5",train,10,50,0.4424633406388554,0.5356133961638461,0.022477377462277737,0.10186194930226078,20.474060822898032,0.018243035697106304,"{""F1"": -0.6991, ""F2"": 0.5888, ""F3"": 0.4425, ""F4"": 0.7745, ""F5"": 0.0532}",experiments/runs/20261005-131642_baseline_macd_575c80365d00,"{""python"": ""3.11.15"", ""numpy"": ""1.26.4"", ""pandas"": ""3.0.3"", ""scipy"": ""1.17.1""}",
2026-10-05T13:17:32,20261005-131731_baseline_random_c502ca4104ad,baseline,baseline_random,random,c502ca4104ad,cd644184f885,076989b+dirty,1.0,0-9 (n=10),"F1,F2,F3,F4,F5",train,10,50,-0.24558839487005185,1.0461959825161395,-0.01369450870008343,0.11733723871246371,37.72674418604651,-0.008702314245412124,"{""F1"": -0.6932, ""F2"": 0.7091, ""F3"": -0.2456, ""F4"": 0.2126, ""F5"": -0.7352}",experiments/runs/20261005-131731_baseline_random_c502ca4104ad,"{""python"": ""3.11.15"", ""numpy"": ""1.26.4"", ""pandas"": ""3.0.3"", ""scipy"": ""1.17.1""}",
2026-10-05T13:18:21,20261005-131820_baseline_momentum_20_760cbd2c41fd,baseline,baseline_momentum_20,momentum,760cbd2c41fd,cd644184f885,076989b+dirty,1.0,0-9 (n=10),"F1,F2,F3,F4,F5",train,10,50,0.15525670035071334,0.9453122853574019,0.006777478833441819,0.09751459306664212,23.996429102812083,0.006180431823024266,"{""F1"": -0.9807, ""F2"": 0.6182, ""F3"": 0.1553, ""F4"": 0.6284, ""F5"": -0.3271}",experiments/runs/20261005-131820_baseline_momentum_20_760cbd2c41fd,"{""python"": ""3.11.15"", ""numpy"": ""1.26.4"", ""pandas"": ""3.0.3"", ""scipy"": ""1.17.1""}",descriptive only (PROTOCOL §6)
2026-10-05T13:19:07,20261005-131907_baseline_momentum_120_85b576ded875,baseline,baseline_momentum_120,momentum,85b576ded875,cd644184f885,076989b+dirty,1.0,0-9 (n=10),"F1,F2,F3,F4,F5",train,10,50,0.04138217471167872,1.0346109226039393,0.0005144532070282537,0.10001554852956407,9.654667662434655,0.023033592425665383,"{""F1"": -0.2207, ""F2"": 1.673, ""F3"": 0.0414, ""F4"": 0.8139, ""F5"": -0.7601}",experiments/runs/20261005-131907_baseline_momentum_120_85b576ded875,"{""python"": ""3.11.15"", ""numpy"": ""1.26.4"", ""pandas"": ""3.0.3"", ""scipy"": ""1.17.1""}",descriptive only (PROTOCOL §6)
2026-10-05T13:19:53,20261005-131953_baseline_momentum_252_3cd3686070a6,baseline,baseline_momentum_252,momentum,3cd3686070a6,cd644184f885,076989b+dirty,1.0,0-9 (n=10),"F1,F2,F3,F4,F5",train,10,50,0.22082117024991268,0.5053021742650468,0.013227130693746147,0.11810996517640127,6.906945481702764,0.01509851041424336,"{""F1"": 0.0685, ""F2"": 1.4483, ""F3"": 0.2208, ""F4"": 0.5738, ""F5"": -1.2545}",experiments/runs/20261005-131953_baseline_momentum_252_3cd3686070a6,"{""python"": ""3.11.15"", ""numpy"": ""1.26.4"", ""pandas"": ""3.0.3"", ""scipy"": ""1.17.1""}",descriptive only (PROTOCOL §6)
2026-10-05T14:42:37,20261005-140534_m2_dqn_base_467287ccbab7,agent,m2_dqn_base,dqn,467287ccbab7,570d4d148c7a,b0408ff+dirty,1.2,0-9 (n=10),"F1,F2,F3,F4,F5",single,10,50,0.09286887354261052,0.627604211679518,0.002350570092189974,0.197936141190377,31.065699073482058,0.005618611717494832,"{""F1"": 0.144, ""F2"": 0.4834, ""F3"": -0.2748, ""F4"": 0.1776, ""F5"": -0.3524}",experiments/runs/20261005-140534_m2_dqn_base_467287ccbab7,"{""python"": ""3.11.15"", ""numpy"": ""1.26.4"", ""pandas"": ""3.0.3"", ""scipy"": ""1.17.1"", ""tensorflow"": ""2.15.1"", ""keras"": ""2.15.0""}",
2026-10-05T15:16:57,20261005-144239_legacy_505064aac7a7,agent,legacy,dqn,505064aac7a7,00cc43688d9d,b0408ff+dirty,1.2,0-9 (n=10),"F1,F2,F3,F4,F5",single,10,50,0.32941650965688,0.47435535360932113,0.03397402264459659,0.21716533031100377,6.986138613861386,0.01972668464644301,"{""F1"": 0.2874, ""F2"": 0.6603, ""F3"": 0.1485, ""F4"": 0.5123, ""F5"": 0.0527}",experiments/runs/20261005-144239_legacy_505064aac7a7,"{""python"": ""3.11.15"", ""numpy"": ""1.26.4"", ""pandas"": ""3.0.3"", ""scipy"": ""1.17.1"", ""tensorflow"": ""2.15.1"", ""keras"": ""2.15.0""}",
2026-10-05T15:55:57,20261005-151658_m2_dqn_dueling_ec2724e2e279,agent,m2_dqn_dueling,dqn,ec2724e2e279,00cc43688d9d,b0408ff+dirty,1.2,0-9 (n=10),"F1,F2,F3,F4,F5",single,10,50,0.04645636343368342,0.4185240317636008,-0.0014869615957607274,0.18640442420263925,29.779434736302314,0.003996891783889543,"{""F1"": 0.0626, ""F2"": 0.4937, ""F3"": 0.0045, ""F4"": 0.1159, ""F5"": -0.0508}",experiments/runs/20261005-151658_m2_dqn_dueling_ec2724e2e279,"{""python"": ""3.11.15"", ""numpy"": ""1.26.4"", ""pandas"": ""3.0.3"", ""scipy"": ""1.17.1"", ""tensorflow"": ""2.15.1"", ""keras"": ""2.15.0""}",
2026-10-05T16:32:55,20261005-155558_m2_dqn_nstep_d7895e45b5e6,agent,m2_dqn_nstep,dqn,d7895e45b5e6,00cc43688d9d,b0408ff+dirty,1.2,0-9 (n=10),"F1,F2,F3,F4,F5",single,10,50,0.05385838258145047,0.6750040581740826,-0.003534663379975489,0.19621256023110323,26.635122363164598,0.008028756595338778,"{""F1"": 0.1459, ""F2"": 0.6268, ""F3"": -0.0802, ""F4"": 0.0041, ""F5"": -0.2797}",experiments/runs/20261005-155558_m2_dqn_nstep_d7895e45b5e6,"{""python"": ""3.11.15"", ""numpy"": ""1.26.4"", ""pandas"": ""3.0.3"", ""scipy"": ""1.17.1"", ""tensorflow"": ""2.15.1"", ""keras"": ""2.15.0""}",
2026-10-05T17:14:02,20261005-163256_m2_dqn_per_9367f808aa7b,agent,m2_dqn_per,dqn,9367f808aa7b,78f7c0bb88d4,b0408ff+dirty,1.2,0-9 (n=10),"F1,F2,F3,F4,F5",single,10,50,0.04673340892511451,0.5147611206980297,-0.006050724892776471,0.18698222921095914,30.907767750217204,0.004841220495973532,"{""F1"": 0.0347, ""F2"": 0.2955, ""F3"": -0.1593, ""F4"": 0.2415, ""F5"": -0.3419}",experiments/runs/20261005-163256_m2_dqn_per_9367f808aa7b,"{""python"": ""3.11.15"", ""numpy"": ""1.26.4"", ""pandas"": ""3.0.3"", ""scipy"": ""1.17.1"", ""tensorflow"": ""2.15.1"", ""keras"": ""2.15.0""}",
2026-10-05T17:33:27,20261005-171426_m3_dqn_base_100k_c855b79e1ec7,agent,m3_dqn_base_100k,dqn,c855b79e1ec7,78f7c0bb88d4,b0408ff+dirty,1.2,0-9 (n=10),"F1,F2,F3,F4,F5",single,10,50,0.16934651469104114,0.5012706923540249,0.014093301798943192,0.20155575581227753,29.680357135043604,0.006796000432221689,"{""F1"": 0.2325, ""F2"": 0.5434, ""F3"": -0.1039, ""F4"": 0.2521, ""F5"": -0.1584}",experiments/runs/20261005-171426_m3_dqn_base_100k_c855b79e1ec7,"{""python"": ""3.11.15"", ""numpy"": ""1.26.4"", ""pandas"": ""3.0.3"", ""scipy"": ""1.17.1"", ""tensorflow"": ""2.15.1"", ""keras"": ""2.15.0""}",
2026-10-05T17:54:31,20261005-173534_nb_dqn_base_639525a25253,agent,nb_dqn_base,dqn,639525a25253,c300d7678beb,b0408ff+dirty,1.2,0-9 (n=10),"F1,F2,F3,F4,F5",single,10,50,0.026136593602225935,0.5539187050114873,-0.00461963704798396,0.1843258633021133,30.51781737193764,0.004647584910136763,"{""F1"": 0.1191, ""F2"": 0.3689, ""F3"": -0.0478, ""F4"": 0.384, ""F5"": -0.2435}",experiments/runs/20261005-173534_nb_dqn_base_639525a25253,"{""python"": ""3.11.15"", ""numpy"": ""1.26.4"", ""pandas"": ""3.0.3"", ""scipy"": ""1.17.1"", ""tensorflow"": ""2.15.1"", ""keras"": ""2.15.0""}",
2026-10-05T18:13:18,20261005-175432_nb_dqn_k2_13713cebedd5,agent,nb_dqn_k2,dqn,13713cebedd5,c300d7678beb,b0408ff+dirty,1.2,0-9 (n=10),"F1,F2,F3,F4,F5",single,10,50,-0.05714152508379461,0.5474942798063474,-0.015684885289713568,0.19402543604180778,53.51581646687193,-0.001692326712771863,"{""F1"": 0.0443, ""F2"": -0.0609, ""F3"": -0.0967, ""F4"": 0.1012, ""F5"": -0.1958}",experiments/runs/20261005-175432_nb_dqn_k2_13713cebedd5,"{""python"": ""3.11.15"", ""numpy"": ""1.26.4"", ""pandas"": ""3.0.3"", ""scipy"": ""1.17.1"", ""tensorflow"": ""2.15.1"", ""keras"": ""2.15.0""}",
2026-10-05T19:27:06,20261005-190815_m3_mean_variance_fe5d1ebb48a9,agent,m3_mean_variance,dqn,fe5d1ebb48a9,177ce3554646,3f29458+dirty,1.2,0-9 (n=10),"F1,F2,F3,F4,F5",single,10,50,-0.0060894636223136215,0.818511992441326,-0.006030919944111535,0.13364163235894871,30.84392516003693,0.002981859450543479,"{""F1"": -0.1303, ""F2"": 0.0948, ""F3"": -0.5901, ""F4"": 0.5547, ""F5"": -0.0815}",experiments/runs/20261005-190815_m3_mean_variance_fe5d1ebb48a9,"{""python"": ""3.11.15"", ""numpy"": ""1.26.4"", ""pandas"": ""3.0.3"", ""scipy"": ""1.17.1"", ""tensorflow"": ""2.15.1"", ""keras"": ""2.15.0""}",
2026-10-05T19:46:01,20261005-192707_m3_vol_scaled_pnl_56202e8f5540,agent,m3_vol_scaled_pnl,dqn,56202e8f5540,177ce3554646,3f29458+dirty,1.2,0-9 (n=10),"F1,F2,F3,F4,F5",single,10,50,0.2101730701663066,0.605472500272215,0.021587165267310526,0.19365080160933318,28.655849290336185,0.014210957710693408,"{""F1"": 0.2102, ""F2"": 0.5225, ""F3"": -0.1341, ""F4"": 0.6214, ""F5"": -0.0893}",experiments/runs/20261005-192707_m3_vol_scaled_pnl_56202e8f5540,"{""python"": ""3.11.15"", ""numpy"": ""1.26.4"", ""pandas"": ""3.0.3"", ""scipy"": ""1.17.1"", ""tensorflow"": ""2.15.1"", ""keras"": ""2.15.0""}",
2026-10-05T20:04:52,20261005-194602_m3_active_return_1d0f2315b324,agent,m3_active_return,dqn,1d0f2315b324,177ce3554646,3f29458+dirty,1.2,0-9 (n=10),"F1,F2,F3,F4,F5",single,10,50,0.13363877234585436,0.5858512292047725,0.007825160971946077,0.19836681246743215,27.860557768924302,0.011560639168755457,"{""F1"": 0.0433, ""F2"": 0.5486, ""F3"": -0.1784, ""F4"": 0.2279, ""F5"": -0.1864}",experiments/runs/20261005-194602_m3_active_return_1d0f2315b324,"{""python"": ""3.11.15"", ""numpy"": ""1.26.4"", ""pandas"": ""3.0.3"", ""scipy"": ""1.17.1"", ""tensorflow"": ""2.15.1"", ""keras"": ""2.15.0""}",
2026-10-05T20:23:58,20261005-200453_m3_diff_sharpe_shadow3_311b6063520a,agent,m3_diff_sharpe_shadow3,dqn,311b6063520a,177ce3554646,3f29458+dirty,1.2,0-9 (n=10),"F1,F2,F3,F4,F5",single,10,50,0.16871753666761596,0.6810151982956554,0.013663345061262544,0.19488380747455775,22.224121711202805,0.01383925052231525,"{""F1"": 0.1394, ""F2"": 0.7286, ""F3"": -0.1714, ""F4"": 0.3429, ""F5"": -0.0394}",experiments/runs/20261005-200453_m3_diff_sharpe_shadow3_311b6063520a,"{""python"": ""3.11.15"", ""numpy"": ""1.26.4"", ""pandas"": ""3.0.3"", ""scipy"": ""1.17.1"", ""tensorflow"": ""2.15.1"", ""keras"": ""2.15.0""}",
2026-10-05T21:05:34,20261005-204513_m4_cross_resid_77e4bea5ca48,agent,m4_cross_resid,dqn,77e4bea5ca48,3e329609a147,3f29458+dirty,1.2,0-9 (n=10),"F1,F2,F3,F4,F5",train,10,50,0.16496038189627818,0.963251049357978,0.008862684887932182,0.127862411342462,31.53989686093224,0.00605937500647181,"{""F1"": -0.5302, ""F2"": 1.1487, ""F3"": 0.165, ""F4"": 0.4255, ""F5"": -0.5222}",experiments/runs/20261005-204513_m4_cross_resid_77e4bea5ca48,"{""python"": ""3.11.15"", ""numpy"": ""1.26.4"", ""pandas"": ""3.0.3"", ""scipy"": ""1.17.1"", ""tensorflow"": ""2.15.1"", ""keras"": ""2.15.0""}",
2026-10-05T21:25:51,20261005-210535_m4_cross_base_93b961bcc652,agent,m4_cross_base,dqn,93b961bcc652,b4d2e608dde5,3f29458+dirty,1.2,0-9 (n=10),"F1,F2,F3,F4,F5",train,10,50,0.1767302178114572,0.955308936085058,0.010877848077596841,0.12561973118601266,31.537598997863725,0.008544560871783156,"{""F1"": -0.4444, ""F2"": 1.1242, ""F3"": 0.1827, ""F4"": 0.4195, ""F5"": -0.4503}",experiments/runs/20261005-210535_m4_cross_base_93b961bcc652,"{""python"": ""3.11.15"", ""numpy"": ""1.26.4"", ""pandas"": ""3.0.3"", ""scipy"": ""1.17.1"", ""tensorflow"": ""2.15.1"", ""keras"": ""2.15.0""}",
2026-10-05T21:45:24,20261005-212552_m4_single_resid_fe256aa6635c,agent,m4_single_resid,dqn,fe256aa6635c,b4d2e608dde5,3f29458+dirty,1.2,0-9 (n=10),"F1,F2,F3,F4,F5",single,10,50,0.08500588423242708,0.418053191055022,0.002429745684844109,0.1554144642351536,32.95113401246689,0.007506108204071245,"{""F1"": -0.0527, ""F2"": 0.2589, ""F3"": 0.0106, ""F4"": 0.3657, ""F5"": -0.1602}",experiments/runs/20261005-212552_m4_single_resid_fe256aa6635c,"{""python"": ""3.11.15"", ""numpy"": ""1.26.4"", ""pandas"": ""3.0.3"", ""scipy"": ""1.17.1"", ""tensorflow"": ""2.15.1"", ""keras"": ""2.15.0""}",
2026-10-05T22:22:10,20261005-214528_m4_cross_resid_transformer_84469a73d3bc,agent,m4_cross_resid_transformer,dqn,84469a73d3bc,b4d2e608dde5,3f29458+dirty,1.2,0-9 (n=10),"F1,F2,F3,F4,F5",train,10,50,0.4352323172558329,0.8568897467657516,0.03630205195449476,0.15322230345588206,16.003087338193723,0.020901706572843085,"{""F1"": -0.2366, ""F2"": 1.3736, ""F3"": 0.4352, ""F4"": 0.5671, ""F5"": -0.307}",experiments/runs/20261005-214528_m4_cross_resid_transformer_84469a73d3bc,"{""python"": ""3.11.15"", ""numpy"": ""1.26.4"", ""pandas"": ""3.0.3"", ""scipy"": ""1.17.1"", ""tensorflow"": ""2.15.1"", ""keras"": ""2.15.0""}",
2026-10-06T23:02:54,20261006-230230_baseline_vol_target_50575631afe0,baseline,baseline_vol_target,vol_target,50575631afe0,d235470f25b2,f9b780a+dirty,1.2,0-9 (n=10),"F1,F2,F3,F4,F5",train,10,50,0.5307184119304694,0.6583279648682246,0.04430624772524916,0.1241710460053882,2.136627906976744,0.02454414487648925,"{""F1"": -0.1032, ""F2"": 1.436, ""F3"": 0.5307, ""F4"": 0.5552, ""F5"": -0.4132}",experiments/runs/20261006-230230_baseline_vol_target_50575631afe0,"{""python"": ""3.11.15"", ""numpy"": ""1.26.4"", ""pandas"": ""3.0.3"", ""scipy"": ""1.17.1"", ""tensorflow"": ""2.15.1"", ""keras"": ""2.15.0""}",descriptive baseline (PROTOCOL Part II step 0a)
2026-10-07T00:26:33,20261006-234809_v2_R0prime_23d34bba0da5,agent,v2_R0prime,dqn,23d34bba0da5,8dd02df2ac21,e02a0e3+dirty,1.2,0-9 (n=10),"F1,F2,F3,F4,F5",train,10,50,0.4324140842992559,0.8743825016397883,0.03645242866336096,0.14346565331854572,16.599899315722492,0.01984625309354248,"{""F1"": -0.1629, ""F2"": 1.3543, ""F3"": 0.4475, ""F4"": 0.5619, ""F5"": -0.4121}",experiments/runs/20261006-234809_v2_R0prime_23d34bba0da5,"{""python"": ""3.11.15"", ""numpy"": ""1.26.4"", ""pandas"": ""3.0.3"", ""scipy"": ""1.17.1"", ""tensorflow"": ""2.15.1"", ""keras"": ""2.15.0""}",
2026-10-07T09:56:39,20261007-092341_v2_V1b_d7a047aa4d9f,agent,v2_V1b,dqn,d7a047aa4d9f,d3e1d8f650a1,010733b+dirty,1.2,0-9 (n=10),"F1,F2,F3,F4,F5",train,10,50,0.6405623185841218,0.6839452459135514,0.06491203038303495,0.15929880706557198,0.4893203883495145,0.025863366761026674,"{""F1"": 0.0105, ""F2"": 1.115, ""F3"": 0.666, ""F4"": 0.6779, ""F5"": -0.2051}",experiments/runs/20261007-092341_v2_V1b_d7a047aa4d9f,"{""python"": ""3.11.15"", ""numpy"": ""1.26.4"", ""pandas"": ""3.0.3"", ""scipy"": ""1.17.1"", ""tensorflow"": ""2.15.1"", ""keras"": ""2.15.0""}",
2026-10-07T10:21:45,20261007-100434_v2_V4_ca853b35658a,agent,v2_V4,dqn,ca853b35658a,ace7346953b7,010733b+dirty,1.2,0-9 (n=10),"F1,F2,F3,F4,F5",train,10,50,0.6672608887791742,0.6840346976373944,0.0650494772641994,0.15929880706557198,0.4893203883495145,0.027644842470140277,"{""F1"": 0.0105, ""F2"": 1.2894, ""F3"": 0.6673, ""F4"": 0.6945, ""F5"": -0.2051}",experiments/runs/20261007-100434_v2_V4_ca853b35658a,"{""python"": ""3.11.15"", ""numpy"": ""1.26.4"", ""pandas"": ""3.0.3"", ""scipy"": ""1.17.1"", ""tensorflow"": ""2.15.1"", ""keras"": ""2.15.0""}",
